1,Stefanie Alexander,37
2,Lee Buckley,41
3,Daniel Gallagher,39
4,Myra Lucero,28
5,Annie Brennan,11
6,Jenifer Harvey,28
7,Chastity Shea,46
8,Jeannie Rich,23
9,Bobbie Dalton,49
10,Shawna Merritt,14
11,Tasha Russell,15
12,Otis Daniel,24
13,Peggy Rice,32
14,Vicky Nunez,24
15,Miranda Sanford,50
16,Rosemary Mckee,2
17,Lindsay Thomas,44
18,Tammie Hurley,50
19,Cesar Peterson,34
20,Sonja Velasquez,16
21,Stephan Bolton,41
22,Earnest O'Connor,43
23,Erin Tanner,50
24,Carla French,2
25,Jean Fletcher,35
26,Kirsten Rice,27
27,Marie Barry,47
28,Shaun Hicks,35
29,Tasha Myers,28
30,Heather Hogan,5
31,Theodore Phillips,10
32,Phillip Silva,23
33,Alejandro Byrd,15
34,Chandra Chambers,50
35,Myron Nixon,33
36,Laura Garza,39
37,Johnathan Weaver,2
38,Jamal Benitez,20
39,Clifton Howe,18
40,Trent Stevens,48
41,Becky Cohen,26
42,Charlene Hartman,36
43,Summer O'Connor,6
44,Corey Garcia,14
45,Miriam Fry,46
46,Marci Frost,40
47,Gerard Robinson,17
48,Kara Carlson,23
49,Stanley Clarke,8
50,Tania Stevens,12
51,Abraham Bowen,21
52,Jana Cortez,36
53,Susana Chambers,31
54,Marisa Fox,25
55,Elisa Saunders,10
56,Nakia Herrera,44
57,Lloyd Ashley,42
58,Trina Fleming,37
59,Neal Walter,43
60,Casey Kemp,34
61,Rebekah Summers,32
62,Mitchell Holmes,11
63,Everett Gonzalez,45
64,Stacy Wood,45
65,Ted Hudson,5
66,Sheryl Madden,42
67,Karl Duffy,9
68,Vicki Ellis,33
69,Jeannette Shannon,42
70,Chasity Stewart,11
71,Tonia Hudson,50
72,Gregory Weaver,25
73,Cody O'Neal,33
74,Tamiko Lynch,36
75,Monica Massey,41
76,Brady Vargas,6
77,Danny Nash,37
78,Latoya Mathis,36
79,Demond Shelton,7
80,Abigail Underwood,46
81,Sandra Bolton,10
82,Armando Cook,24
83,Preston Landry,28
84,Antonio Byrd,17
85,Casey Ali,34
86,Marla Hopkins,24
87,Jonathon Boyle,42
88,Emily Durham,41
89,Laura Morton,40
90,Gene Wolfe,39
91,Zachary Ponce,47
92,Jason Knox,15
93,Helen Krueger,27
94,Holly Yu,34
95,Leon Curry,17
96,Kimberly Hoover,15
97,Mike Barber,42
98,Allan Mc Daniel,12
99,Albert Zamora,10
100,Miranda Fuller,4
101,Desiree Mc Daniel,32
102,Alisa Hicks,35
103,Misty Duke,32
104,Amelia Harding,47
105,Wallace Hammond,12
106,Kristie Nichols,47
107,Carmen Martinez,4
108,Sheri Curtis,46
109,Tasha Shaw,34
110,Rachelle Mc Bride,5
111,Patrick Bautista,8
112,Bryant Wise,6
113,Marco Haas,31
114,Keith Espinoza,48
115,Jim Nguyen,25
116,Angelo Alexander,8
117,Evan Harding,34
118,Rafael Morgan,29
119,Grace Church,12
120,Malcolm Wilson,31
121,James Leon,1
122,Stephen Duncan,19
123,Sam Reid,43
124,Justin Neal,4
125,Marianne Phelps,15
126,Caleb Ryan,36
127,Roderick Vaughn,48
128,Angie Shaw,50
129,Mark Zavala,20
130,Aimee Dixon,27
131,Damian Ellis,15
132,Kristy Boyd,26
133,Monica Clay,27
134,Aaron Goodwin,3
135,Bethany Foster,15
136,Stephanie Rogers,25
137,Randal Ross,43
138,Janice Nelson,31
139,Carlos Logan,6
140,Bobbi Patel,38
141,Henry Garrison,21
142,Krista Jennings,47
143,Jeannie Jacobs,7
144,Gwendolyn Joseph,35
145,April Lane,31
146,Lance Pittman,42
147,Lisa French,35
148,Alissa Soto,29
149,Rex Hogan,9
150,Randi Bird,10
151,Jessie Richmond,31
152,Jeannie Henry,13
153,Norman Shelton,50
154,Nichole Pham,29
155,Nicole Shannon,4
156,Heather Hawkins,14
157,Brent Carey,43
158,Nick Rodgers,29
159,Audrey Cameron,33
160,Amelia Villa,26
161,Molly Wells,49
162,Albert Carrillo,4
163,Jeannie Hart,26
164,Marvin Torres,8
165,Alejandro Sosa,41
166,Sidney Snow,33
167,Vickie Richmond,29
168,Dominick Dorsey,28
169,Carey Bright,34
170,Jeanette Ball,50
171,Danielle Robinson,16
172,Tommy Rojas,4
173,Carmen Aguilar,24
174,Sherrie Boyer,25
175,Gena Vincent,11
176,Katina Jones,4
177,Melissa Barber,12
178,Kristie Salas,8
179,Darlene Carr,23
180,Esmeralda Parrish,23
181,Levi Chase,1
182,Angelo Mckinney,20
183,Marcie Pena,41
184,Kristy Munoz,11
185,Kerrie Stark,46
186,Andrew Duarte,2
187,Cody West,26
188,Adrienne Mc Donald,49
189,Audrey Baird,50
190,Chad Glover,1
191,Frances Bowman,33
192,Gerard Tyler,14
193,Noel Parsons,49
194,Demond Dickson,30
195,Ruby Hardin,39
196,Melinda Stafford,17
197,Forrest Frye,22
198,Edith Braun,49
199,Lesley Frederick,45
200,Kimberley Galloway,49
201,Demetrius George,13
202,Marla Lane,7
203,Frankie Newman,45
204,Kathy Levy,9
205,Kendall Ibarra,45
206,Daniel Atkins,28
207,Jami Bolton,40
208,Bradford Hunter,26
209,Marlene Hooper,18
210,Vernon Noble,50
211,Shelly Ferrell,2
212,Anitra Yang,35
213,Mathew Howe,7
214,Andrew Wheeler,10
215,Lisa Williamson,25
216,Grace Hart,30
217,Cornelius Burton,14
218,Paige Morton,16
219,Kurt Estes,13
220,Gary Gregory,40
221,Ramon Randolph,7
222,Melisa Gill,31
223,Charity Charles,28
224,Daniel Carson,33
225,Elijah Randolph,18
226,Nora O'Neal,2
227,Yolanda Cummings,5
228,Jordan Norris,44
229,Alejandro Wood,36
230,Julie Le,45
231,Sergio Jacobson,33
232,Bryon Dickson,13
233,Alfred Harrington,14
234,Kim Mcintosh,24
235,Ramiro O'Connor,10
236,Preston Berg,45
237,Omar Parsons,25
238,Sherry Ayers,32
239,Milton Valenzuela,16
240,Hugh Odom,19
241,Karin Good,13
242,Ann Acosta,50
243,Kerri Potts,31
244,Timothy Garner,1
245,Roger Landry,50
246,Levi Bullock,49
247,Sally Mayo,8
248,Jeff Rush,39
249,Yvette Herring,5
250,Elizabeth O'Neill,10
251,Yvonne Richmond,4
252,Glenda Cameron,6
253,Wanda David,37
254,Bobby Franco,6
255,Kevin Carson,42
256,Fred Hardy,33
257,Regina Berger,29
258,Arturo Richmond,13
259,Kimberly Miles,42
260,Johanna Sutton,43
261,Mindy Saunders,23
262,Rita Taylor,46
263,Oliver O'Neill,41
264,Brock Kane,24
265,Trent Potter,18
266,Lamar Doyle,39
267,Dennis Henson,22
268,Bridget Franklin,33
269,Matthew Beasley,50
270,Katherine Gay,31
271,Aisha Nash,5
272,Lawrence Bowen,32
273,Wendi Evans,50
274,Ronald Mc Bride,44
275,Angelica Shields,27
276,Stacie Velez,7
277,Noah Travis,1
278,Mike Craig,28
279,Felipe Zamora,34
280,Roland Mayer,19
281,Dora Hammond,44
282,Julian Valenzuela,17
283,Kurt Villanueva,40
284,Katherine Coleman,26
285,Damon Hernandez,42
286,Floyd Mora,28
287,Lashonda Shaw,27
288,Jeremy Mcclain,9
289,Harvey Solis,32
290,Antoine Villegas,28
291,Demond Whitney,16
292,Janelle Mc Daniel,13
293,Felipe Taylor,41
294,Tom Kramer,24
295,Garry Schmitt,47
296,Jane Mckenzie,17
297,Diana Burns,10
298,Tyrone Lowe,8
299,Desiree Massey,34
300,Bridgette Walker,11
301,Penny Cisneros,27
302,Beth Huang,26
303,Christina Wiggins,39
304,Katrina Copeland,25
305,Luis Humphrey,6
306,Kerrie Shepherd,22
307,Roy Huang,6
308,Cristina Osborne,43
309,Marlene Wade,29
310,Glenda Spears,36
311,Thomas Floyd,33
312,Alicia Trevino,1
313,Kerri Reynolds,29
314,Devin Welch,23
315,Tanisha Soto,50
316,Dana Charles,7
317,Janelle Garrett,7
318,Brett Gould,15
319,Trent Harper,32
320,Latonya Bowen,40
321,Evan Alexander,13
322,Dwayne Wilkerson,14
323,Arthur Lester,1
324,Anitra Ball,23
325,Lonnie Harrison,15
326,Tammi Beasley,42
327,Marsha Huynh,42
328,Walter Berg,27
329,Maureen Sharp,48
330,Moses Benjamin,11
331,Spencer Gomez,48
332,Marisol Mendoza,43
333,Edith Flowers,45
334,Trisha Shaw,24
335,Iris Valdez,43
336,Roxanne Guerrero,18
337,Lillian Barker,28
338,Rachelle Proctor,16
339,Zachary Reynolds,21
340,Keisha Hughes,20
341,Elijah Mc Daniel,22
342,Marcie Wang,34
343,Andrew Hall,31
344,Aimee Mendoza,47
345,Sophia Ferguson,46
346,Lora Wilkinson,15
347,Isaac Norton,35
348,Levi Hensley,18
349,Sandy Mercer,24
350,Brian Pierce,40
351,Karin Osborn,11
352,Patrice Durham,46
353,Erica Lara,26
354,Angie Mckenzie,44
355,Earnest Price,48
356,Arturo Branch,14
357,Lamont Raymond,25
358,Kristy Lin,17
359,Kristen Conley,10
360,Jimmy Mccann,14
361,Kim Maxwell,31
362,Bradford Orr,30
363,Randal Petty,46
364,Olga Harrington,19
365,Troy Conner,38
366,Nelson Wang,40
367,Emily Barron,6
368,Elijah Haney,6
369,Claudia Pham,31
370,Jack Mayo,32
371,Ryan Nichols,29
372,Yesenia Moreno,41
373,Mandy Villa,44
374,Gilberto Owen,12
375,Tyrone Mc Connell,19
376,Nikki Clayton,30
377,Elizabeth Crosby,34
378,Mike Hobbs,5
379,Charity Livingston,27
380,Don Vance,50
381,Tanya Schneider,8
382,Fernando Riley,25
383,Colin Bentley,4
384,Joan Dougherty,8
385,Hannah Madden,50
386,Stacey Steele,2
387,Gregory Villanueva,17
388,Erica Ware,2
389,Lorenzo Solomon,26
390,Tammi Solomon,29
391,Heidi Clarke,43
392,Judy Reynolds,12
393,Devin Soto,6
394,Harvey Franco,8
395,Tracy Chambers,39
396,Reginald James,42
397,Antoine Wells,38
398,Wanda Gonzalez,13
399,Ramon Munoz,9
400,Louis Kim,7
401,Brandon Austin,9
402,Derick Suarez,29
403,Rochelle Strickland,37
404,Mandi Skinner,42
405,Guy Tanner,12
406,Josephine Cortez,21
407,Christina Salinas,3
408,Bobbi Edwards,15
409,Jaime Underwood,25
410,Dale Lopez,18
411,Rickey Hernandez,31
412,Julia Greer,21
413,Terra Mosley,40
414,Jesse Villarreal,10
415,Amie York,6
416,Jenny Mcfarland,7
417,Manuel Small,27
418,Rodney Huffman,38
419,Jorge Chapman,19
420,April Franklin,37
421,Kari Bruce,23
422,Emily Suarez,5
423,Clifford Pacheco,30
424,Jennie Randolph,3
425,Nicolas Daniel,39
426,Lawanda Key,18
427,Terrance Horne,35
428,Nora Hoffman,36
429,Caroline Long,24
430,Terry Fleming,28
431,Roy Peters,42
432,Allen Horn,22
433,Mathew Rosario,46
434,Elisabeth Hopkins,21
435,Heather Duncan,41
436,Raymond Ryan,30
437,Suzanne Curtis,38
438,Jeremy Ward,12
439,Owen Meza,47
440,Marvin Wilkins,30
441,Willie Welch,50
442,Allen Sanford,3
443,Alice Webb,28
444,Jeanine Zhang,9
445,Marianne Cohen,49
446,Angelina Hardin,23
447,Alexandra Glass,22
448,Leslie Walters,47
449,Ian Galvan,3
450,Karin Michael,33
451,Tina Mc Mahon,16
452,Jack Patterson,50
453,Duane Hampton,44
454,Shari Gallagher,23
455,Max Simon,34
456,Cathy Villegas,5
457,Alma James,50
458,Sherman Simpson,35
459,Nathaniel Campos,3
460,Lauren Mc Gee,45
461,Kurt Larsen,36
462,Constance Mc Dowell,17
463,Brandy Harrington,41
464,Tracey Barron,47
465,Rogelio Lambert,26
466,Naomi Lynn,10
467,Ernest Jenkins,26
468,Elena House,20
469,Margarita Hudson,19
470,Teresa Li,27
471,Roderick O'Neill,20
472,Mark Tapia,15
473,Chester Hatfield,42
474,Susana Velasquez,40
475,Jason Snow,37
476,Simon Sosa,21
477,Virgil Barrera,27
478,Marisol Reese,22
479,Tim Mills,4
480,Bryce Roach,17
481,Autumn Horne,46
482,Neal Johnson,39
483,Curtis Mckee,33
484,Shelby Fisher,42
485,Shad Galloway,12
486,Felix Small,42
487,Felicia Jordan,28
488,Jack Meyer,23
489,Greg Matthews,38
490,Alfonso Swanson,37
491,Debbie Phillips,30
492,Jerome Mccall,4
493,John Hooper,10
494,Jeannie Brown,3
495,Fred Shaw,45
496,Everett Holland,33
497,Nina Hernandez,12
498,Fernando Orr,31
499,Roberto Humphrey,33
500,Sophia Ramirez,40
501,Tim Chan,47
502,Shawn Russell,3
503,Beth Kline,28
504,Harvey Murphy,27
505,Alfonso Fry,13
506,Deborah Colon,1
507,Chanda Stevenson,9
508,Rachael Arroyo,4
509,Carmen Wheeler,37
510,Howard Rich,14
511,Crystal Hoffman,28
512,Jodi Ramsey,29
513,Clinton Wolf,31
514,Eva Mac Donald,36
515,Andrew Simmons,49
516,Margaret Mccoy,47
517,Candy Finley,35
518,Sam Ingram,50
519,Terra Bryan,36
520,Jessie Guzman,35
521,Alicia Shields,32
522,Jolene Mccoy,3
523,Drew Conner,33
524,Melissa King,33
525,Anthony Mc Millan,47
526,Patrice Malone,17
527,Terrence Phelps,6
528,Damian Flowers,40
529,Kari Grimes,46
530,Jesus Whitaker,4
531,Margarita French,9
532,Willie Randolph,47
533,Douglas Morrison,40
534,Marcos Webster,15
535,Sean Page,21
536,Daphne Shannon,44
537,Rogelio Bean,12
538,Autumn Curry,6
539,April Sexton,29
540,Noah Rowe,11
541,Harold Matthews,34
542,Marla Johns,25
543,Lauren Sanders,37
544,Marcella Robbins,25
545,Bonnie Rogers,9
546,Tammie Fischer,2
547,Emily Matthews,23
548,Nikki Lambert,24
549,Francisco Maldonado,4
550,Sonia Hodges,48
551,Chris Boone,49
552,Gabrielle Sosa,13
553,Mary Conrad,46
554,Tina Buck,49
555,Teresa Rosales,8
556,Norma Lam,44
557,Chasity Santana,21
558,Lloyd Larson,45
559,Walter Hooper,31
560,Duane Obrien,47
561,Darlene Lane,46
562,Christine Barrera,19
563,Trenton Le,9
564,Kristina Guzman,33
565,Elaine Randall,5
566,James Glass,32
567,Brett Sandoval,40
568,Juanita Valentine,17
569,Keri Heath,16
570,Tamiko Avery,5
571,Sandy Mcgrath,35
572,Josephine Hanson,29
573,Noel Pena,22
574,Lamont Wilkerson,25
575,Franklin Houston,1
576,Hugh Gutierrez,8
577,Kerrie Prince,17
578,Armando Kline,9
579,Blanca Carey,25
580,Jeanette Walter,46
581,Norma Moon,44
582,Belinda Simpson,33
583,Raymond Villanueva,36
584,Bradford Shields,48
585,Virgil Powers,6
586,Traci Dennis,47
587,Peter Vazquez,2
588,Johanna Garrison,42
589,Edwin Vega,7
590,Krystal Gray,27
591,Dan Wiggins,24
592,Alfred Lloyd,18
593,Kathleen Valdez,26
594,Erica Gonzales,32
595,Beverly Ashley,16
596,Jennifer Curry,15
597,Rocky Cowan,16
598,Oscar Moran,4
599,Elisa Pratt,20
600,Alyssa Brandt,27
601,Shana Maynard,12
602,Connie House,7
603,Ryan Proctor,8
604,Laura Hahn,49
605,Kent Walters,14
606,Stacy Huang,21
607,Jon Mullins,41
608,Ty Arroyo,22
609,Colleen Pierce,48
610,Dion Petty,1
611,Cody Arias,27
612,Sally Gregory,13
613,Aaron Moses,20
614,Valerie Frazier,35
615,Candy Mccall,4
616,Jordan Cooper,14
617,Joni Austin,33
618,Darin Mc Knight,12
619,Jenny Swanson,28
620,Dante Mckinney,9
621,Sherri Mc Connell,31
622,Ramon Shaw,49
623,Teresa Chavez,10
624,Johnnie Roach,40
625,Alma Nicholson,32
626,Raul Watson,18
627,Rusty Patterson,3
628,Marshall Nash,40
629,Julio Hansen,9
630,Ira Tate,36
631,Bethany Sparks,42
632,Hannah David,14
633,Greg Bell,39
634,Dallas Weaver,49
635,Brian Crosby,34
636,Lara Lawrence,38
637,Evelyn Li,25
638,Alexis Rios,37
639,Tammy Rogers,35
640,Marlon Bowen,36
641,Kendrick Flowers,6
642,Phillip Juarez,30
643,Tammie Schneider,44
644,Ricky Fernandez,7
645,Margarita Sanders,50
646,Brandi Haas,12
647,Scott Gillespie,48
648,Theresa Davis,42
649,Gregg Berger,29
650,Carmen Walter,3
651,Felix Crosby,32
652,Taryn Simon,5
653,Leo Clayton,27
654,Alejandro Graham,11
655,Russell Cochran,46
656,Ethan Garrison,14
657,Brenda Mccann,48
658,Christine Sullivan,19
659,Rafael Gill,18
660,Bobbi Wiggins,46
661,Andres Franklin,18
662,Kristi Kane,2
663,Veronica Calhoun,13
664,Camille Morrison,13
665,Jerrod Wang,10
666,Anna Morrow,14
667,Tabitha Hendrix,24
668,Julie Murphy,22
669,Terrence Barr,1
670,Curtis Wise,16
671,Denise Vazquez,39
672,Dale Good,47
673,Lamar Jacobson,27
674,Alvin Herrera,43
675,Denise Hodge,4
676,Ron Lamb,1
677,Marvin Horn,5
678,Pete Mueller,3
679,Francis Haynes,40
680,Jenna Reyes,21
681,Sara Best,21
682,Vickie Watkins,12
683,Jimmie Crosby,12
684,Daphne Suarez,7
685,Rolando Patrick,4
686,Grace Boyer,37
687,Jorge Luna,37
688,Nora Caldwell,28
689,Wendell Mc Millan,3
690,Bradford Pace,20
691,Dallas Hatfield,41
692,Randall Berry,7
693,Ty Gould,20
694,Raquel Guzman,39
695,Kathy Carroll,18
696,Charles Lynch,5
697,Casey Morton,18
698,Paul Benson,32
699,Alyssa Alvarado,48
700,Steven Krause,36
701,Loretta Preston,38
702,Jerry Dyer,26
703,Rachelle Clark,41
704,Julio Pacheco,13
705,Lydia Stein,14
706,Monte Walters,36
707,Gavin Brooks,28
708,Chrystal Casey,35
709,Ernesto Long,8
710,Dennis Neal,46
711,Charlie Collier,10
712,Alison Carter,45
713,Liza Newman,29
714,Joey Vazquez,48
715,Tara Stevens,26
716,Valerie Todd,7
717,Rick Fritz,40
718,Bradford Lozano,7
719,Thomas Ramsey,9
720,Jennie Livingston,23
721,Charlie Castillo,28
722,Gloria Knight,46
723,Kari Escobar,20
724,Tammi Pennington,31
725,Gail Huff,26
726,Gwendolyn Duke,33
727,Dan Malone,27
728,Raul Fletcher,39
729,Teddy Maynard,25
730,Tommy Blackburn,49
731,Melvin Miles,34
732,Harvey Martin,24
733,Ruben Watts,6
734,Joe Sparks,5
735,Claude Petty,33
736,Marco Duran,45
737,Desiree Ware,21
738,Timothy Walker,49
739,Brooke Colon,44
740,Trisha Pineda,19
741,Amelia Shea,10
742,Jamie Huynh,3
743,Bryan Shelton,20
744,Alfredo Boyer,8
745,Dean Bryan,11
746,Ty Simpson,47
747,Marianne Pearson,29
748,Connie Bender,22
749,Jill Wood,14
750,Loren Harrison,12
751,Vivian Rhodes,15
752,Robin Dudley,12
753,Betsy Sullivan,24
754,Olga Castro,25
755,Tammy Gentry,9
756,Tera Garner,43
757,Billie Lyons,7
758,Wesley Fowler,10
759,Meghan Le,37
760,Harold Henry,31
761,Ellen Sweeney,9
762,Joni Berg,40
763,Donnell Keller,10
764,Sheila Woodard,10
765,Otis Erickson,12
766,Lori Navarro,36
767,Derrick Logan,39
768,Ryan Moreno,24
769,Luis Randall,16
770,Clifford Shaffer,31
771,Karen Higgins,36
772,Wendy Osborne,41
773,Scottie O'Connor,13
774,Casey Sheppard,41
775,Marcy Carr,14
776,Xavier Chase,25
777,Rickey Dickerson,26
778,Trenton Hester,13
779,Jenifer Mc Neil,21
780,Stephanie Rush,30
781,Salvador Brewer,5
782,Donna Waller,6
783,Mitchell Lang,26
784,Arlene Duffy,13
785,Terra Patel,35
786,Lewis Delgado,23
787,Ana Mccann,1
788,Diane Yang,32
789,Janet Duffy,47
790,Neal Calhoun,41
791,Marco Becker,39
792,Chester Daugherty,12
793,Dora Ingram,13
794,Darrell Hansen,13
795,Johnathan Barber,10
796,Bradley Hines,20
797,Nelson Raymond,43
798,Cedric Bell,11
799,Gary Bowers,46
800,Stephanie Romero,25
801,Cornelius Perez,8
802,Gail Leblanc,5
803,Trenton Beasley,7
804,Bridgett Durham,34
805,Tricia Branch,27
806,Bennie Carroll,25
807,Jill Taylor,49
808,Lashonda Combs,34
809,Rodney Wallace,12
810,Margaret Mendez,34
811,Ellen Mullins,17
812,Brian Ware,44
813,Joyce Wise,40
814,Tiffany O'Connell,8
815,Justin Lozano,27
816,Jeffery Gillespie,4
817,Jeremiah Potts,15
818,Tina Burgess,47
819,Norma Bright,26
820,Rosemary Santana,40
821,Alexander Lutz,36
822,Erich Mendoza,8
823,Demond Hendrix,28
824,Dylan Cantu,25
825,Jon Evans,42
826,Shari Lawrence,25
827,Edward Montoya,29
828,Dora Baldwin,1
829,Holly Herrera,31
830,Kristi Cantrell,44
831,Shirley Taylor,33
832,Margarita Kelly,16
833,Emma Jarvis,17
834,Tommy Simpson,46
835,Crystal Murillo,22
836,Ebony Velasquez,1
837,Rosemary Giles,49
838,Bennie Bradshaw,42
839,Yolanda Allison,37
840,Beth Sanders,10
841,Hope Zamora,24
842,Jermaine Howell,18
843,Eric Bean,20
844,Nelson Fuentes,13
845,Derek Dalton,25
846,Virginia Ortega,45
847,Tammy Berg,22
848,Connie Nicholson,5
849,Darlene Jennings,36
850,Kathryn Rocha,6
851,Laura Rhodes,6
852,Chester Hodges,46
853,Spencer Lewis,36
854,Blake Porter,6
855,Rose Roy,40
856,Arnold Barrera,1
857,Guy Golden,27
858,Clinton Burnett,32
859,Shauna Hansen,42
860,Kara Nguyen,2
861,Benjamin Heath,46
862,Orlando Fischer,48
863,Adrian Boyle,3
864,Katina Cantrell,19
865,Justin Holmes,2
866,Raymond Merritt,1
867,Serena Salazar,27
868,Ted Eaton,45
869,John King,37
870,Peter Hunt,27
871,Kelli Johns,6
872,Lindsay Dunlap,23
873,Colin Moss,10
874,Jennie Foley,16
875,Patricia Shea,16
876,Beth Klein,19
877,Ricky Medina,38
878,Ronnie Stephens,15
879,Nicholas Hale,1
880,Amanda Porter,47
881,Ronda Rocha,3
882,Darrin Henson,25
883,Lance Booth,16
884,Celeste Galloway,25
885,Preston Sims,38
886,Curtis Cochran,37
887,Jacob Odonnell,30
888,Armando Clarke,12
889,Greg Hanna,7
890,Anitra Pratt,21
891,Guillermo Macias,24
892,Anthony Chambers,17
893,Ginger Blevins,1
894,Valerie Stephens,36
895,Lawanda Alexander,15
896,Yvette Boone,27
897,Monique Gordon,15
898,Clifton Wang,2
899,Nelson Hall,12
900,Scot Wiggins,24
901,Crystal Dixon,19
902,Jasmine Rowe,28
903,Stacie Buchanan,19
904,Darla Lester,10
905,Tania Olson,1
906,Traci Stein,34
907,Leanne Green,36
908,Kari Powell,21
909,Candice Serrano,40
910,Jeanette Gallegos,21
911,Julius Nichols,14
912,Douglas Williamson,13
913,Eric Brown,32
914,Blanca Mc Intyre,46
915,Garry Wang,50
916,Earl O'Connell,22
917,Norma Lang,33
918,Donovan Colon,28
919,Dallas Morse,31
920,Roger Nolan,15
921,Tami Collier,22
922,Allan Lindsey,16
923,Gail Zimmerman,39
924,Shana Norman,16
925,Lara Rhodes,4
926,Chris Welch,39
927,Natasha Krueger,23
928,Chanda Huber,25
929,Steve Brown,1
930,Amy Stevenson,40
931,Kari Solomon,5
932,Ivan Bernard,36
933,Donovan Blair,3
934,Rachel Mosley,28
935,Tyson Mccann,29
936,Tom Middleton,26
937,Rebecca Velazquez,7
938,Virgil Everett,7
939,Gerardo Shah,24
940,Clifton Valentine,5
941,Lesley Collier,1
942,Jason Hernandez,9
943,Candice Brady,22
944,Abigail Garrison,36
945,Ericka Chase,8
946,Orlando Brady,11
947,Julia Pacheco,36
948,Eva Beard,5
949,Randi Martin,36
950,Paul Harrington,44
951,Maribel Mcclain,44
952,Adrian Hickman,37
953,Jerome Castillo,22
954,Sam Moon,48
955,Lara Strickland,2
956,Terrell Brown,3
957,Shelly Cannon,39
958,Daryl Schmitt,3
959,Demond Cortez,6
960,Marcia Stewart,13
961,Jami Melton,12
962,Marla Hays,11
963,Brandon Fields,21
964,Ian Owens,1
965,Natasha Ballard,17
966,Darryl Wong,28
967,Brandie Holden,10
968,Karrie Spence,4
969,Chrystal Chen,18
970,James Yang,24
971,Ty Dickerson,16
972,Greg Buckley,27
973,Carlton Prince,5
974,Christie Nguyen,27
975,Wendi Page,14
976,Tina Pineda,13
977,Evan Braun,45
978,Nina Buchanan,3
979,Don Madden,9
980,Tracey Griffith,43
981,Meghan Mc Bride,4
982,Sally Castro,18
983,Craig Sandoval,40
984,Jake Gilmore,8
985,Ana Best,46
986,Pablo Sherman,18
987,Johnnie Whitney,15
988,Kelly Gill,6
989,Teresa Mosley,26
990,Mandy Morton,27
991,Ruben Garza,37
992,Shaun Stephens,4
993,Gwendolyn Rush,1
994,Curtis Potts,12
995,Damon Fuller,43
996,Dana Gentry,40
997,Betty Rodriguez,39
998,Kristin Beck,21
999,Erich Stein,20
1000,Keri Sellers,31
