1,Pareramin,12,36.9816
2,Enderollan,7,94.742
3,Qwitanimistor,14,61.8967
4,Rapsapedar,21,52.7937
5,Adsapepax,24,34.4764
6,Monsapinex,21,138.8766
7,Grotanedex,1,131.1955
8,Qwifropedax,6,62.5488
9,Surtumamin,3,109.4729
10,Upvenegicator,11,89.4198
11,Grodudadower,11,52.3018
12,Reglibiman,22,108.3331
13,Thrudimedgover,29,91.2432
14,Frojubican,22,79.395
15,Klikiledgax,3,95.545
16,Fromunepar,19,138.7952
17,Rapsapeficator,26,7.7293
18,Inkilopover,3,94.0252
19,Thrucadaman,8,33.7888
20,Zeewerollover,5,73.4118
21,Adcadewax,7,53.4853
22,Hapvenopar,31,9.8746
23,Barquestepower,3,95.0709
24,Rapdimommar,19,83.4484
25,Qwifropopistor,12,107.9008
26,Parjubexex,10,105.7226
27,Unsapewazz,4,50.2341
28,Parmunewan,8,78.0141
29,Endtanegin,21,13.6521
30,Barsipopover,18,131.6765
31,Hapdimexor,24,58.7475
32,Empickedgentor,6,106.6043
33,Frovenupar,11,12.7469
34,Supvenanantor,3,64.2169
35,Barwerponazz,30,122.1679
36,Winfropollower,14,99.1392
37,Barrobplover,19,146.3491
38,Tupbanopar,17,24.5866
39,Barrobexex,25,89.217
40,Trudimaquantor,13,80.6276
41,Supdimplazz,33,12.1794
42,Parquestimantor,12,82.2362
43,Unrobommar,15,90.8163
44,Adtinedistor,11,59.0584
45,Emdimiman,1,43.8727
46,Cipjubinax,7,148.1549
47,Lomvenaquex,25,24.012
48,Emmunplax,22,90.2541
49,Inkilexan,23,79.9103
50,Frohupadentor,20,48.6007
51,Dopglibplax,2,105.6234
52,Truglibplantor,12,20.2769
53,Surpickedex,29,33.9306
54,Emvenilax,33,53.1203
55,Trudimackin,24,130.5631
56,Dopfropimex,26,32.1069
57,Emkilexower,31,149.6711
58,Surtanonar,16,128.4483
59,Endzapopex,26,94.893
60,Surfropexor,8,78.7538
61,Advenommantor,29,93.6424
62,Thruwerpplan,20,58.1814
63,Qwizapollin,1,53.8966
64,Inquestackicator,1,127.7964
65,Surpickedgan,18,35.6723
66,Zeerobamazz,31,95.6975
67,Endwerpollazz,9,100.5862
68,Dopsapicin,30,32.0263
69,Zeemunamentor,31,107.2272
70,Intumadistor,20,146.4058
71,Winquestefower,3,142.4461
72,Zeetumegor,22,133.1428
73,Klitanefistor,30,9.8081
74,Survenackover,12,103.1613
75,Haprobamistor,7,66.2323
76,Parwerpaquicator,15,121.2492
77,Adrobanentor,16,69.0584
78,Frosipackicator,12,41.0124
79,Zeezapepantor,23,44.5757
80,Qwicadackentor,1,109.7459
81,Unsapedar,24,86.7106
82,Inglibepin,22,109.9801
83,Klitanplantor,10,148.1039
84,Trucadover,5,115.0515
85,Thrutuminentor,8,31.053
86,Inwerilentor,22,43.4706
87,Grovenexistor,31,77.6737
88,Supkilollantor,7,109.6266
89,Embanollentor,7,83.6538
90,Pareronentor,14,95.061
91,Growerpower,4,99.4681
92,Indimackex,11,22.9008
93,Redudackin,10,79.6937
94,Adnipimicator,30,15.4632
95,Sursapinentor,5,136.9852
96,Endsipedower,11,103.9981
97,Lomjubinentor,31,33.3396
98,Raptinplin,20,113.0199
99,Supbanaquan,24,28.3861
100,Parcadexan,18,98.1753
101,Winkilexover,29,52.5687
102,Grosapican,8,141.9858
103,Unpebupicator,29,133.027
104,Uperommar,4,83.5045
105,Lompickonax,20,56.1546
106,Trurobicazz,4,122.4807
107,Varrobedower,18,15.4687
108,Qwibanicicator,1,80.7694
109,Qwiwerpedover,8,136.8881
110,Upzapar,15,14.3139
111,Rezapopover,23,113.0486
112,Surquestilar,15,113.6587
113,Lompebexazz,29,88.8726
114,Happickedgex,13,135.1471
115,Grosipackicator,33,142.0432
116,Klisapicex,23,133.6624
117,Rerobexower,8,60.0776
118,Frotinackex,21,88.8452
119,Redudonantor,20,101.7434
120,Rejubegax,29,142.2018
121,Adrobupentor,27,23.0237
122,Varpebackicator,25,140.9596
123,Qwiglibicator,26,98.3725
124,Inrobexax,18,17.1661
125,Tuperollor,11,51.9377
126,Tuptanonistor,12,124.5453
127,Varpickilazz,13,58.4491
128,Rewerpedower,3,144.345
129,Partumanan,17,116.1761
130,Endnipepover,10,112.2343
131,Grodudexazz,11,92.9096
132,Parveninantor,33,106.0385
133,Supjubicover,10,17.6262
134,Sursipackax,19,96.4004
135,Thrutumackantor,11,62.1772
136,Upquestedax,33,94.7249
137,Endtumackor,31,126.9531
138,Sursapexantor,29,69.5993
139,Dopjubaquover,15,63.8968
140,Happebanazz,16,58.5724
141,Barfropupor,2,33.0018
142,Endkilewor,4,146.9044
143,Inrobackar,23,122.7386
144,Qwirobupor,12,74.3399
145,Thruwerpewentor,29,132.0125
146,Lomkilazz,31,135.8095
147,Parcadedgover,8,84.0282
148,Unquestplin,21,94.5466
149,Supkilopan,9,23.42
150,Emeraquan,24,8.3227
151,Emjubinan,29,48.9205
152,Untinicor,32,94.4945
153,Empickonantor,3,16.2765
154,Survenaquin,21,36.1844
155,Parrobedax,18,80.1515
156,Frosipedgor,32,61.6091
157,Endhupamistor,31,48.6132
158,Surdimackax,21,120.8608
159,Endnipollicator,30,36.5668
160,Wintumepax,10,81.6094
161,Lomsapexan,3,69.0316
162,Monericover,18,21.1238
163,Cipfropinar,33,114.5933
164,Lomtinepin,9,29.6537
165,Zeesapanover,7,71.4044
166,Monsipilentor,30,12.01
167,Unnipaquazz,21,101.0325
168,Tuprobollentor,21,142.4723
169,Partumepan,8,77.9699
170,Wintinollex,3,52.3183
171,Supdudewor,11,11.7092
172,Lomdimefover,18,140.4783
173,Frodiminor,22,29.9483
174,Requestedar,22,48.1709
175,Monnipaquistor,20,114.1999
176,Zeesipadazz,18,26.1194
177,Tipkiledgentor,20,23.221
178,Grocadedgicator,23,29.0325
179,Upfropamistor,6,35.1537
180,Rapsipewin,6,66.1283
181,Vartanaquex,27,45.5171
182,Haprobepin,17,113.9025
183,Varpickplor,7,125.9249
184,Varwerpadex,24,112.8533
185,Grotanimistor,4,68.3137
186,Surpickedgazz,27,148.4151
187,Thrutinonicator,33,94.7619
188,Winjubedgicator,13,131.4418
189,Emwerinor,3,21.2488
190,Zeesapommentor,27,5.568
191,Insipexin,30,51.1116
192,Supnipackistor,11,11.0923
193,Adpickedor,13,38.0324
194,Monjubexistor,7,132.2874
195,Endtumedantor,14,139.5409
196,Zeewerewower,5,16.8779
197,Unvenupentor,2,37.3111
198,Tipglibollan,3,98.0848
199,Grosapackicator,1,7.9355
200,Varbanonicator,3,125.0024
201,Hapsaponistor,32,39.7769
202,Vartanadicator,23,91.556
203,Dopquestedgicator,1,21.5766
204,Grozapanicator,9,121.1018
205,Tiptanadicator,1,146.6136
206,Wintinedgantor,10,58.4422
207,Klipebaquantor,14,69.5461
208,Trudimegax,33,118.1056
209,Hapnipegazz,25,71.9845
210,Qwimuninan,3,59.0321
211,Lomdudupar,19,43.3881
212,Uncadackar,8,24.5807
213,Zeewerilar,15,90.7071
214,Kliwerimazz,24,120.4386
215,Lomerefar,33,41.0922
216,Unquestanex,7,105.1291
217,Rapzaponex,32,45.199
218,Suppebimover,5,6.7399
219,Tuptinplor,20,111.3401
220,Trusipaquex,14,72.9893
221,Addudplantor,23,67.2481
222,Rapmunefin,29,119.5907
223,Bartinedgantor,21,126.2234
224,Emsiponan,30,77.4019
225,Varwerponicator,25,6.2066
226,Tipcadaquistor,27,5.6169
227,Gropebollar,15,107.4458
228,Invenollicator,26,47.6609
229,Froquestonan,12,58.6301
230,Dopquestedan,1,102.322
231,Endpebupan,30,138.8084
232,Hapjubackan,32,75.1363
233,Grozapantor,32,26.0969
234,Trujubimantor,22,60.1513
235,Parglibamicator,24,31.3513
236,Klidimefantor,1,103.9611
237,Surcadilicator,33,97.3258
238,Lompebommazz,30,9.823
239,Inrobador,5,116.2398
240,Tupnipilex,17,14.8714
241,Frokilplistor,32,83.869
242,Adrobonover,3,126.6564
243,Endbanackex,29,64.4572
244,Invenollantor,27,112.2168
245,Unvenommin,3,112.18
246,Upzapamex,13,31.5309
247,Frotanadin,9,70.3852
248,Adquestollan,14,67.5938
249,Sursipimar,15,96.1951
250,Lomquestegicator,24,39.4117
251,Rewerpedax,18,121.6789
252,Varsapanax,15,35.5711
253,Endvenanentor,16,136.7448
254,Parquestollantor,15,84.9463
255,Unmunilex,31,62.7542
256,Dopmunanower,30,70.1863
257,Haperegax,21,115.3326
258,Emhupamax,20,94.1748
259,Haprobimazz,31,119.8951
260,Tipglibopor,26,145.9966
261,Uneranentor,6,100.9965
262,Zeekililar,1,26.8851
263,Enderadin,7,64.4754
264,Varfroponicator,22,119.6626
265,Dopkilollentor,25,70.2238
266,Intinamor,14,118.2518
267,Grodimamower,6,148.4838
268,Tipcadackantor,30,35.5557
269,Parrobilazz,3,94.0873
270,Intinexistor,29,87.1312
271,Cipglibanor,18,12.8032
272,Winhupistor,29,40.3759
273,Frokilanistor,3,40.5001
274,Raprobimex,26,101.4686
275,Suphupackentor,10,139.1204
276,Inbanewantor,23,90.5918
277,Winweredex,27,60.1334
278,Cipbananicator,21,19.0066
279,Tipdudackar,8,115.2219
280,Endkililicator,17,124.6758
281,Dopwerpaquazz,26,85.2317
282,Zeeweranicator,5,44.8519
283,Rapdimedan,14,101.4658
284,Varkilupor,10,24.2184
285,Vardudicator,31,130.6431
286,Emtanistor,10,108.2372
287,Zeesapefex,10,88.3916
288,Frosapupower,9,91.1507
289,Emwerefower,29,147.3972
290,Rapmunollar,21,111.165
291,Monvenplistor,5,138.6286
292,Happickexar,32,8.151
293,Endkilaquin,7,39.928
294,Zeetumilicator,22,120.2432
295,Barfropicor,4,63.875
296,Lomjubupar,25,61.9838
297,Lomnipefar,24,67.1809
298,Tipglibedgin,23,94.7947
299,Parjubaman,30,46.993
300,Qwidudanax,24,143.9282
301,Cippebimower,10,33.0471
302,Thruglibewin,33,39.8295
303,Emhupimantor,14,123.5066
304,Upsipackazz,22,14.0639
305,Klibanaquin,15,31.6084
306,Supjubepor,6,86.303
307,Invenonantor,15,145.071
308,Thruquesticazz,26,40.2762
309,Tupsapepax,21,95.8259
310,Qwisipexicator,12,122.1625
311,Varsipistor,30,15.0528
312,Hapsipedor,27,101.326
313,Varsapexor,21,128.9529
314,Hapvenackantor,22,145.2194
315,Cipglibonex,3,65.7649
316,Adpebupan,23,61.1445
317,Monjubewentor,15,75.4193
318,Emwerpilex,11,45.257
319,Frotumonentor,29,139.0195
320,Dopcadepex,7,111.9866
321,Parwerepar,32,34.8602
322,Klifropadin,32,62.333
323,Rapnipicower,27,38.1585
324,Empebadin,6,132.9224
325,Klisipedgover,11,98.5026
326,Hapvenopower,31,9.6522
327,Monbanedantor,31,5.4479
328,Adnipedan,10,70.257
329,Surfropamentor,13,42.5935
330,Emnipegazz,24,82.1365
331,Tupglibewin,13,28.4108
332,Monfropefantor,26,115.3388
333,Qwiweronar,1,122.0137
334,Winzapommover,22,121.2938
335,Tipglibewower,31,96.6286
336,Unvenimantor,25,50.4021
337,Tupkilackor,21,71.3454
338,Endfropegower,5,92.4018
339,Zeehupupin,2,142.61
340,Parbanamower,17,49.3401
341,Endtumollax,2,113.1662
342,Lomkiledistor,30,53.1153
343,Unglibommazz,7,145.3249
344,Surcadackar,4,30.2347
345,Endtanupazz,4,101.1121
346,Hapzapackistor,11,42.3026
347,Monzapopor,8,29.1981
348,Dopquestopentor,25,44.7086
349,Winerinan,22,59.4783
350,Zeequestefex,7,7.7305
351,Lomdimopantor,20,136.5646
352,Dopwerpilentor,1,26.9239
353,Growerommistor,10,105.7753
354,Vareregicator,26,85.0064
355,Rapkilanentor,13,114.0679
356,Cipbanplazz,32,120.7142
357,Rapbanadin,33,6.6709
358,Monzapimicator,5,140.5843
359,Parbanopower,24,65.5614
360,Winwerpicor,32,26.9561
361,Raptanimistor,29,85.8551
362,Surnipedex,7,79.814
363,Raphupilicator,1,147.6827
364,Lomdudupicator,25,18.6894
365,Updudefin,16,98.7516
366,Endtanewar,7,49.7141
367,Klitumefazz,15,129.3123
368,Rapdudexar,15,12.6591
369,Tipsapaquicator,29,53.5907
370,Tipcadopentor,30,20.3627
371,Tuptinedgantor,21,139.7991
372,Thrusapackower,7,133.0175
373,Thrududicantor,26,52.647
374,Qwizapollower,20,94.6794
375,Parsapackex,17,148.8204
376,Trupickedicator,7,131.7449
377,Zeesapplazz,30,67.0082
378,Cipbanamazz,18,12.9238
379,Emquestonor,10,36.8102
380,Trusipplan,3,61.2
381,Unhupilicator,9,130.4542
382,Rapsipupistor,22,110.7393
383,Winvenewantor,18,15.7786
384,Surzapegazz,9,39.8629
385,Parmunadax,3,95.572
386,Trueraquicator,19,6.4869
387,Endsapplistor,5,14.5635
388,Rapfropupantor,19,42.0073
389,Incadexentor,10,12.2258
390,Lommunedgicator,21,125.9145
391,Zeequestedistor,26,48.7312
392,Varsipackan,20,80.7612
393,Inpickplistor,15,31.8404
394,Qwisipewantor,9,120.6538
395,Bartinexazz,14,113.4851
396,Frowerpedgistor,31,38.3522
397,Trucadegan,16,55.4327
398,Unsipegistor,20,131.6354
399,Klisapimentor,9,81.4832
400,Tipmunackan,23,56.3979
401,Windudinover,9,62.9903
402,Haptinplower,7,21.5389
403,Upweradin,16,141.1179
404,Varbanadower,31,44.1156
405,Unjubicor,20,17.9314
406,Trupebicentor,2,8.547
407,Retanepar,19,124.2769
408,Grodudamicator,11,16.0958
409,Zeesipackin,22,86.186
410,Bartanaquor,25,132.323
411,Uppickonistor,29,58.7059
412,Lomquestonax,2,143.7472
413,Inwerpupan,7,108.774
414,Trudimanazz,24,9.3613
415,Endcadamower,15,46.502
416,Fropickimazz,23,125.1158
417,Cipzapegar,10,69.0353
418,Winglibollar,16,112.8198
419,Tipzapilin,17,73.1175
420,Supbanopistor,12,97.2646
421,Zeepickedgicator,22,40.1506
422,Lomzapinex,18,92.305
423,Barsipantor,7,5.4332
424,Lomkilopor,19,77.6763
425,Adtumamistor,14,121.6316
426,Insipupover,25,64.0379
427,Hapdudplantor,12,106.1771
428,Parglibamover,12,81.9933
429,Surtaninover,22,131.1944
430,Lompickupor,10,115.4682
431,Qwifropopazz,31,81.3122
432,Surkilicicator,2,85.3728
433,Retumewazz,1,81.4407
434,Lomglibedgicator,2,130.4123
435,Parrobedgan,7,148.2098
436,Rewerponin,7,113.9152
437,Gropebefazz,16,119.6215
438,Tupjubopantor,20,121.6631
439,Thruglibollor,4,26.9314
440,Adwerpedgantor,7,92.025
441,Varhupinistor,3,32.2101
442,Thrududadentor,19,148.4677
443,Growerpadin,21,105.8213
444,Dopericex,9,29.9028
445,Tuptanopar,13,72.2085
446,Undudackentor,6,54.984
447,Trupickewover,6,121.9872
448,Rapmunexentor,4,27.479
449,Upzapilar,19,79.1518
450,Grocadedgower,30,138.3693
451,Zeewerpedgicator,5,119.3169
452,Qwisapefar,3,92.6129
453,Hapbanackover,26,63.5179
454,Doppickadax,22,134.2186
455,Raprobadentor,8,21.2472
456,Cipsapinax,15,120.6853
457,Raptinaquover,3,21.1056
458,Grocadicator,8,68.4416
459,Raptanexentor,19,72.484
460,Qwidimimantor,1,103.8936
461,Cipzaponor,12,52.37
462,Adweregax,25,47.2836
463,Raptananax,7,34.9015
464,Dopglibommower,13,120.7178
465,Unpebupover,10,56.0108
466,Resapor,24,123.3331
467,Surjubefistor,33,67.3065
468,Endmunedgax,17,128.3618
469,Revenepax,17,11.1516
470,Hapglibedower,10,82.5868
471,Intumicover,17,10.4942
472,Uncadexar,11,97.3723
473,Repebedover,31,90.8883
474,Klikilinover,7,131.0925
475,Haperexistor,16,70.0545
476,Tipbanexar,2,41.683
477,Parmunicentor,10,136.4838
478,Monsipexazz,6,125.5304
479,Thrutananan,18,10.4677
480,Trupickackentor,25,71.6475
481,Lomrobupex,4,92.0507
482,Surfropilentor,14,83.698
483,Uphupewover,30,7.8415
484,Fronipegax,31,142.8251
485,Surbanedentor,20,146.1514
486,Tipglibupantor,31,138.6994
487,Upzapamower,21,26.8549
488,Bareredgistor,6,97.2221
489,Survenicator,16,114.165
490,Survenplar,12,32.5244
491,Bartinonicator,7,97.8096
492,Emdimadover,18,56.1799
493,Supkilexover,24,54.179
494,Raphupepistor,19,73.0379
495,Lomhupinex,1,44.6549
496,Klisapepower,30,134.9266
497,Endzapistor,20,118.5661
498,Hapweregax,29,135.1035
499,Varzapommazz,30,123.8921
500,Zeecadollan,14,98.8754
501,Supsapicator,4,137.6776
502,Lomtinexower,19,143.6255
503,Refropazz,21,21.3274
504,Parrobefax,10,146.565
505,Endtaninex,32,132.875
506,Retumar,27,26.9445
507,Frodimonin,9,6.7246
508,Parzapegor,18,82.4254
509,Varpickican,12,69.164
510,Tiptumilor,32,129.5643
511,Hapdudilax,21,134.2016
512,Supsapicistor,21,45.5753
513,Barquestaquor,29,62.9738
514,Trusapadax,12,5.8364
515,Varbanaquazz,13,16.8428
516,Thrurobplazz,4,118.6721
517,Cipvenador,8,44.442
518,Trutumonower,3,42.0764
519,Klidudanazz,12,124.5665
520,Haphupamar,8,67.3114
521,Zeecadegover,29,101.4782
522,Emmunaquor,19,120.0844
523,Winwerponor,30,19.1967
524,Thruvenanantor,30,128.6272
525,Renipinower,4,134.7773
526,Requestplan,5,104.3144
527,Updimimazz,15,48.1932
528,Doprobegazz,7,22.8504
529,Cipniponin,1,91.4376
530,Doppebicex,18,85.128
531,Emcadinower,9,73.1169
532,Bardudedgistor,4,6.3802
533,Barnipimazz,14,6.6383
534,Vardimicazz,11,61.5923
535,Lomquestackower,2,83.97
536,Endpebinor,26,98.4253
537,Thrueronin,20,67.3705
538,Lomsapplistor,15,11.2765
539,Dopnipanower,21,14.95
540,Partumadantor,20,124.2068
541,Vartanedicator,8,136.9747
542,Insapepover,22,94.4295
543,Hapquestexover,12,33.058
544,Frohupollistor,22,134.6008
545,Uppebaquentor,9,48.3229
546,Haperplover,27,57.2343
547,Ciprobplicator,6,143.2061
548,Pardudedgover,22,53.3425
549,Hapfropopor,18,61.195
550,Kliwerpepantor,13,75.9829
551,Parkiledar,13,95.4845
552,Barpebexover,32,81.4896
553,Supzapaquex,1,15.537
554,Lomdudicin,13,61.5806
555,Endbanilazz,9,147.3973
556,Rapwerommantor,26,22.5931
557,Hapvenonazz,2,129.4288
558,Zeebanamower,1,42.7002
559,Zeetumewentor,7,16.7877
560,Survenanazz,4,33.5606
561,Qwihupplentor,1,128.7514
562,Parbanegin,17,133.8742
563,Insapinicator,9,140.9879
564,Rapwerilover,30,134.0361
565,Barsapinar,15,61.4474
566,Emkilinover,29,132.8213
567,Tuppickedgover,14,43.9369
568,Rapwerpewor,5,6.3814
569,Tippebadazz,5,71.8665
570,Suprobedantor,15,68.4176
571,Monsipefax,8,56.3015
572,Hapdimover,21,38.1655
573,Winmunilentor,6,32.1264
574,Mondimopentor,22,5.3596
575,Qwiglibplax,27,80.3368
576,Untumamover,23,12.0486
577,Qwidimeficator,25,92.0263
578,Hapbaninover,9,34.596
579,Klinipedgan,33,85.3043
580,Tupwerpanantor,4,82.543
581,Monnipegantor,26,111.1083
582,Unzapex,30,144.8507
583,Intanplar,12,111.6555
584,Zeedudinistor,13,20.4546
585,Infropaquar,15,139.6436
586,Parcadaquistor,4,141.6273
587,Advenefentor,27,140.8432
588,Supsipimor,31,95.0577
589,Zeejubopistor,23,64.1951
590,Hapquestedover,10,66.3768
591,Thrucadin,22,118.9966
592,Truniponicator,25,29.6703
593,Qwiglibicax,10,144.4888
594,Frojubopantor,29,131.3895
595,Emmunilex,5,145.4555
596,Bardudefan,11,8.1005
597,Rapdudackax,5,103.4416
598,Frokilackover,18,49.022
599,Grodiminover,17,78.1534
600,Qwihupackover,10,65.5016
601,Undimepax,20,18.2973
602,Refropower,23,141.8246
603,Renipollar,23,131.4761
604,Requestadower,3,142.7774
605,Resapegex,32,24.6814
606,Rapjubonan,2,62.3189
607,Grorobicin,7,54.3632
608,Supquestaquentor,2,15.1774
609,Unzapommex,13,131.2439
610,Inhupicator,27,140.3486
611,Klitanackar,10,80.5668
612,Cipbanollex,32,99.8328
613,Grotanewar,2,107.396
614,Endwerpanentor,8,84.2448
615,Monzapegin,18,72.4523
616,Wintumeficator,32,133.9007
617,Zeesapanower,30,27.2187
618,Haptumedgazz,20,125.5333
619,Varpebanan,21,144.3926
620,Surmunepistor,9,69.8201
621,Zeetinonin,29,141.9782
622,Emeredgazz,13,98.8793
623,Sursapimicator,24,92.1864
624,Endnipexar,14,10.4896
625,Haperewax,29,99.4211
626,Hapglibimicator,25,31.6311
627,Qwiwerefover,19,43.6767
628,Groeredgicator,7,50.737
629,Barhupanazz,9,9.9041
630,Adweredazz,12,77.2362
631,Inkilamantor,31,58.607
632,Varquestewor,32,48.0043
633,Tippebamower,14,106.4427
634,Rappebexower,13,24.8026
635,Endrobplex,8,69.2457
636,Tupsipplin,16,119.2838
637,Adrobinin,33,18.3746
638,Tiptinistor,16,118.8781
639,Frodimexistor,8,145.7732
640,Tupwerpedazz,12,82.3246
641,Tupvenadex,15,92.264
642,Truerplover,7,130.6657
643,Remunexor,26,113.8138
644,Inwerican,23,73.8465
645,Supnipegantor,3,135.81
646,Supdudamicator,20,24.1637
647,Thrurobaquin,13,72.2743
648,Frotumommistor,31,65.244
649,Froquestollistor,21,63.9371
650,Tuperonower,19,16.5548
651,Lomweraquax,29,130.8818
652,Intinonower,15,127.9084
653,Montanegan,10,54.6295
654,Reglibedgor,20,13.3332
655,Updudaquantor,4,73.5234
656,Dopsapadex,11,69.418
657,Thruweredower,13,54.6382
658,Zeerobplin,17,125.9864
659,Varwerpommex,25,48.3563
660,Updudplistor,4,143.0503
661,Endtinanicator,25,23.6421
662,Doperefower,27,8.6262
663,Surzapinower,32,10.2733
664,Sursipexex,20,59.0076
665,Barpickedicator,24,86.7415
666,Tuptumackentor,11,37.5625
667,Inwerilistor,22,143.3902
668,Lomtanackor,6,87.5933
669,Emjubimantor,27,19.999
670,Klijubilan,5,103.1686
671,Fropebepentor,14,120.526
672,Raptinedicator,4,58.3406
673,Frokilopazz,10,129.7601
674,Untanedgantor,31,67.0679
675,Unzapinax,18,127.5561
676,Trupickewantor,27,16.3125
677,Updimedgover,15,135.0655
678,Vartaninar,19,23.3399
679,Bartumewar,7,24.6796
680,Lombanilower,2,80.2573
681,Winbanamantor,2,109.3569
682,Kliquestexan,20,128.4328
683,Lomdudaquazz,20,136.7999
684,Frotumommor,23,143.3494
685,Cipkiledower,18,96.3544
686,Supquesticator,16,80.6987
687,Admunicover,16,143.3749
688,Thrunipinin,21,98.1094
689,Unglibicax,19,101.2792
690,Rappebexentor,2,149.8277
691,Enddudilin,7,69.6455
692,Sursipanex,23,42.3882
693,Doppebexin,17,75.5218
694,Lomrobommover,14,7.7229
695,Lomjubefover,25,63.6825
696,Cippickadex,18,88.6378
697,Indudonin,25,125.3924
698,Undudinistor,29,59.8061
699,Grojubaquistor,13,137.105
700,Bartanamover,12,103.2475
701,Raprobamicator,16,30.7736
702,Unsapanar,33,134.6811
703,Tupquestedgover,7,50.2449
704,Dopquestefistor,32,110.7686
705,Adtumex,32,46.0288
706,Upkilackazz,12,77.5412
707,Doptanewor,21,148.1483
708,Monnipicazz,8,137.5617
709,Adzapedgar,9,35.7771
710,Cipglibicator,1,62.2109
711,Varzapimantor,24,84.3525
712,Barzapexex,1,36.2983
713,Lomfropadicator,21,106.3068
714,Wintumimex,13,118.099
715,Adhupaquower,33,38.6934
716,Dopzapicantor,23,45.2094
717,Qwiquestupower,7,21.8263
718,Tipweromman,15,16.924
719,Surmunadicator,9,112.6533
720,Qwisipicower,6,11.0428
721,Tipwerpanantor,10,44.1877
722,Upjubepentor,4,50.2807
723,Zeenipegin,17,136.3141
724,Klizapackistor,29,20.1714
725,Trusapackower,33,38.523
726,Dopfropadex,30,83.1378
727,Thrunipefover,10,132.8189
728,Thruquestor,14,127.0372
729,Tupwericor,33,8.3853
730,Groerilex,3,43.9182
731,Barpickimax,8,40.9201
732,Endsipewistor,22,80.2594
733,Haptinamor,15,36.2349
734,Emvenopazz,18,71.4322
735,Rapbanommex,30,54.4836
736,Thrusapilar,1,124.6758
737,Adnipollin,2,83.1878
738,Parkilopantor,3,31.0312
739,Klirobollazz,26,102.3205
740,Upwerpaquistor,25,23.8132
741,Cipkilonentor,9,82.5504
742,Emeranower,19,10.8131
743,Haprobinar,2,67.3322
744,Tupglibplax,23,44.0682
745,Zeemunonax,20,70.4752
746,Lomglibackax,4,38.3472
747,Endweradicator,21,86.0815
748,Thrutininin,6,107.4228
749,Empickegazz,32,119.0295
750,Adpickadistor,20,23.473
751,Frozapamower,11,71.8114
752,Zeemunilover,20,113.4683
753,Frodudonistor,22,97.1529
754,Tipwerplentor,33,131.0622
755,Truwerpadex,9,64.0598
756,Upzapommor,31,130.493
757,Trukilimax,23,148.367
758,Bardimexistor,24,35.0735
759,Supjubedistor,16,77.2456
760,Uptanedar,29,112.8911
761,Barhupexentor,9,94.7224
762,Emdimamin,14,26.111
763,Raphuponicator,24,134.1763
764,Rapdudexex,24,141.859
765,Hapdudedar,20,26.2907
766,Parsipewar,12,9.0931
767,Hapdimimax,14,5.0634
768,Inhupanistor,22,39.8745
769,Vardudplor,11,68.6153
770,Rappebewentor,7,64.0176
771,Hapcador,12,112.0217
772,Parquestinin,7,140.7952
773,Raptinexower,32,64.6035
774,Ciptinepax,7,93.84
775,Emwerponor,32,78.4924
776,Cipmuninistor,33,38.3745
777,Parerepicator,10,132.9485
778,Qwimunopin,32,97.2458
779,Grofropinor,2,99.6963
780,Adrobplicator,7,5.1757
781,Frovenentor,18,147.0563
782,Lompebamicator,15,30.396
783,Uppickor,33,13.0077
784,Gropickilax,32,134.9124
785,Uphupedower,8,122.1069
786,Upmunexar,6,77.4519
787,Gronipupan,27,133.1065
788,Hapkilican,29,55.1727
789,Gropebilistor,4,12.3724
790,Windudedgantor,7,73.9907
791,Lomdimedentor,14,126.3088
792,Tipsapollantor,20,53.1142
793,Parwerpiman,20,103.7857
794,Frozapedin,32,139.4295
795,Zeeeronazz,24,79.0909
796,Monsapador,2,61.4393
797,Inwerpepistor,26,26.6369
798,Tupsipupentor,20,75.4733
799,Intumepex,1,22.7775
800,Tippickilin,33,66.382
801,Zeesipedgan,9,38.2838
802,Monglibedgex,18,51.2069
803,Emdimewan,23,43.8074
804,Emtumimistor,30,60.0118
805,Rezapegor,10,61.4514
806,Qwicadonistor,22,81.0163
807,Tuppickexex,13,53.8648
808,Tipjubexicator,30,8.3129
809,Haptanupover,20,57.5697
810,Adpebilor,8,30.6852
811,Frokilepin,5,147.5445
812,Endcadinan,26,56.1211
813,Thruhupupin,7,85.3773
814,Zeerobamin,9,77.0698
815,Rappebanover,10,115.8348
816,Parpebonentor,18,69.3263
817,Refropefentor,11,18.1033
818,Unhupilantor,4,149.264
819,Dopdimackex,33,24.752
820,Unfropedgan,7,98.8389
821,Rehupommentor,12,25.9866
822,Vartumicentor,23,99.8907
823,Emweropentor,21,32.5021
824,Tipwerpamower,33,144.6247
825,Endvenicator,31,87.7089
826,Zeebanadistor,22,63.9074
827,Emwerpupin,21,42.0095
828,Zeerobepantor,27,75.1741
829,Qwimunamicator,29,19.7491
830,Rapquestewower,26,22.0531
831,Monbanackin,30,16.7376
832,Barpebplistor,5,62.4752
833,Klisipegentor,25,79.4683
834,Winkilommor,1,38.3142
835,Winvenefor,6,116.892
836,Supsipilover,27,100.8493
837,Embanewin,13,136.5886
838,Zeesapimax,31,102.9959
839,Grozapefax,16,78.4609
840,Gropickedgantor,24,46.0905
841,Qwinipefex,22,28.5871
842,Tiperupin,25,129.7936
843,Ciptaninar,17,147.6031
844,Rewerepar,32,131.6872
845,Intanegower,22,76.4462
846,Supfropar,1,75.1876
847,Raptinimistor,6,117.737
848,Emdudinover,18,31.7158
849,Supvenilan,12,28.5946
850,Surtumamax,15,14.7645
851,Barvenonex,15,48.336
852,Mondimadazz,4,27.3729
853,Truwerpewover,12,55.7212
854,Surdimadan,15,73.9386
855,Dopquestewor,14,45.3953
856,Parfropaquantor,27,88.3932
857,Upwerpepistor,10,23.7048
858,Lomhupadan,30,49.1828
859,Frowerpamar,31,122.303
860,Grojubegentor,19,147.544
861,Invenepower,4,44.0068
862,Surhupommor,13,128.6907
863,Tupfropover,19,138.5639
864,Wineranistor,25,40.5166
865,Varjubollex,27,18.9476
866,Inzapopower,27,90.0693
867,Tiphupopicator,10,126.6529
868,Lomsapplentor,1,52.063
869,Inrobefax,12,110.1779
870,Thruveneficator,10,19.9855
871,Monhupackin,15,82.7378
872,Thruerollover,6,65.1074
873,Grovenilex,24,75.803
874,Inweradan,11,128.6616
875,Fropickopower,5,75.2518
876,Surglibackor,17,46.1931
877,Supfropin,16,102.2876
878,Upmunewistor,11,50.815
879,Winweraquar,27,73.1785
880,Parpebedar,4,17.5212
881,Empickedax,19,96.1705
882,Empickicator,22,15.2936
883,Winkilonentor,5,51.5794
884,Zeepickepantor,33,9.9845
885,Trubanedazz,16,123.7172
886,Tupvenantor,16,139.3647
887,Barpebedgor,7,11.7539
888,Tupmunamover,20,10.5297
889,Untinackor,23,142.9189
890,Surcadupentor,2,33.4987
891,Tuptanollar,22,82.1445
892,Tipdudewower,5,92.4058
893,Grosapanover,27,130.693
894,Inwerar,12,80.917
895,Adhupanax,11,7.0837
896,Supwerpackex,10,49.8964
897,Surpebentor,11,141.2298
898,Unzapicover,19,112.0865
899,Tupsapegicator,20,117.7396
900,Surjubaquover,22,136.3769
901,Untinollan,25,98.5348
902,Wintumanor,10,70.6739
903,Klifropaquower,25,71.5379
904,Monweredgantor,24,13.6091
905,Frojubimar,27,82.0268
906,Rapdudexover,8,133.2286
907,Grozapor,12,101.57
908,Unhupollazz,2,77.0597
909,Uncadicantor,7,148.6868
910,Surzapicax,2,149.2023
911,Grokilepex,32,136.1056
912,Cipdimackentor,32,122.8899
913,Thrutinopistor,29,126.0043
914,Klitanexantor,4,109.7818
915,Fropickonor,3,56.3735
916,Zeepebanover,6,33.7131
917,Unbanommin,30,82.1113
918,Trurobonan,21,133.5793
919,Zeewerpanan,29,66.7994
920,Hapvenanor,11,29.583
921,Adpebplin,6,83.3154
922,Qwiglibedower,5,121.1231
923,Tuptanedistor,14,59.1442
924,Tipquestimentor,5,81.6791
925,Supdudinentor,18,87.841
926,Zeesipadistor,14,140.3321
927,Emhupamover,6,84.4145
928,Enddudadax,33,144.8861
929,Zeewerpommantor,27,126.5779
930,Upbanefistor,7,30.3554
931,Truwerpicazz,18,54.9634
932,Growerpentor,12,140.2012
933,Monpickommower,19,83.0754
934,Supweronar,21,86.8016
935,Rejubican,21,68.9864
936,Surpebplentor,33,30.4965
937,Lomquestadower,23,93.7557
938,Fronipaquover,23,42.9702
939,Grosapommicator,22,77.9578
940,Truglibadex,18,140.4886
941,Varrobedgicator,27,42.7947
942,Tipwerackantor,9,84.6942
943,Hapwerommower,6,11.843
944,Adsipadantor,12,143.7166
945,Unbanupicator,23,47.3932
946,Hapdudegex,20,109.2546
947,Varjubinax,12,116.4015
948,Parhupicover,15,25.9112
949,Tupfropopan,12,29.5435
950,Frosapopor,26,123.3706
951,Qwisipinex,1,117.7851
952,Endweraquower,16,12.6504
953,Zeetuminicator,6,50.287
954,Reglibopicator,13,93.1565
955,Upzapefentor,19,58.0615
956,Tupmunegar,19,127.4117
957,Barquestommantor,14,16.5297
958,Emwerinistor,19,139.8588
959,Hapkilexistor,15,75.7681
960,Thruhupanex,32,91.6947
961,Endjubanover,20,53.8141
962,Unnipimower,20,106.6839
963,Grodudewistor,2,100.4819
964,Unwerpamin,27,123.3313
965,Upbanepor,5,99.2389
966,Tupdimexex,10,145.9044
967,Supsapegax,24,44.8144
968,Monsapinan,18,44.2027
969,Adjubadicator,25,45.7954
970,Emsipadicator,22,30.8769
971,Dopdimanax,11,89.9574
972,Trufropamentor,10,44.141
973,Winjubadicator,18,60.6214
974,Tuptinilicator,10,76.3108
975,Grozapamax,11,136.7883
976,Adtinackar,32,148.6212
977,Lomtinopex,1,114.2801
978,Zeefropaquor,19,65.4276
979,Zeetinollover,9,39.2859
980,Winsapor,26,128.5865
981,Varbanadentor,18,28.9305
982,Frozapimicator,25,63.5032
983,Rerobonex,14,120.3426
984,Adpebimex,23,8.2072
985,Reglibonax,4,62.5704
986,Endrobepor,25,47.3129
987,Frocadimazz,11,94.9142
988,Zeebanommantor,15,139.919
989,Monrobackistor,10,33.7401
990,Dopzapexex,10,91.5747
991,Unsapexower,16,18.9668
992,Rappickadantor,18,103.8969
993,Varpickamower,27,117.2021
994,Vardudazz,20,136.2631
995,Froquestexex,26,91.6745
996,Qwidudexin,7,86.1108
997,Lombanackazz,14,134.2124
998,Frohupinower,2,38.5117
999,Retumonar,2,49.4777
1000,Cipzapexazz,7,51.4888
