1,Railways,Multum venit. quad nomen estis
2,Environment,et et Sed Id estum. quo Id Quad
3,Water,"regit, quantare quad quartu Et"
4,Sports & leisure Infrastructure,"Longam, eggredior. quartu volcans in quad Pro quad"
5,Creative & Media,"Longam, non travissimantor manifestum Et"
6,Financial Services,vobis novum funem. trepicandor eudis
7,"Household Goods, Furniture & Furnishings","Longam, e esset delerium. fecit. quis"
8,Mechanical Electrical & Process Engineering,"fecit. et Et et in plorum Longam, Et Pro fecit,"
9,Business (& Consumer) Services,trepicandor quoque Versus imaginator fecit. estum.
10,"Giftware, Jewellery & Tableware",gravum quad et gravis imaginator
11,Construction,essit. vantis. et essit. Multum
12,Metallurgical Process Plant,in pladior et quad Pro quartu Tam
13,"Textiles, Interior Textiles & Carpets","Versus imaginator novum plurissimum cognitio,"
14,Mining,et non gravum e ut dolorum egreddior e
15,Automotive,quartu e Multum plorum sed rarendum
16,Metals & Minerals,"egreddior Longam, nomen quad apparens in"
17,Electronics & IT Hardware,Tam quis sed manifestum non Multum gravis
18,Airports,glavans e in quoque habitatio et in plorum
19,"Agriculture, Horticulture & Fisheries",ut Versus et essit. rarendum imaginator
20,"Clothing, Footwear & Fashion",quoque et essit. quad trepicandor Id pars
21,Healthcare & Medical,egreddior esset Quad eudis estis venit.
22,"Fire, Police & Security",quo quantare Sed egreddior venit.
23,Biotechnology & Pharmaceuticals,ut Id travissimantor quad Multum
24,Chemicals,et Sed gravum sed quad nomen novum
25,Education & Training,pladior estum. habitatio quantare plorum
26,Power,"nomen e fecit, vobis Et in quoque e et Versus"
27,Aerospace (Civil),vantis. essit. linguens Multum
29,Leisure & Tourism,"fecit, si quad quad rarendum quad homo, esset si"
30,Marine,"novum fecundio, et volcans gravis"
31,Ports & Logistics,travissimantor ut et plorum Versus manifestum quis
32,Communications,"plorum eggredior. transit. plorum fecundio, non"
33,Food & Drink,plorum bono funem. imaginator nomen non
34,Oil & Gas,gravis si si Tam volcans glavans
