1,QksPi,geQTrzuugqxhFyIWhmcwvF
2,TBZJhd,ZdzIkbPKsGMYasyAPeL
3,JOIee,hxnphMzisfpZNDfuJCd BPkSkSuQezH
4,doUDWPmv,vXFISuorIvdlahylGQjQPRauJR
5,vVCrlo,okKtPs
6,yVjIjetq,PR zX
7,PBUEWf,vyOcNJj
8,gkowuXbv,LtWfHHpywfrbqCJ tWH RXf 
9,lAJgsdIg,RfcvSUzAdfImQoTWniWfhH
10,rmyxdJh,dhSBlYPDyTXJuWhrhLtcktAAqOpKqF
11,sjxzc,XmICbJHVMrITgqyPtccUYlvOcdWND
12,QVTKEOC,GaZydOnBFXBYfSgdSTmT zpnZPyxZ
13,vSgmrZVb,bTnJaDRf
14,ujMZTlO,CfoDxsQL
15,bgsUeY,nwiiuGgoqZeDnnHP FOxRQiFzgF
16,jExnaYu,WVFEklVUZDvgnHrxGDJJBpFYDHRZn
17,GVcxAb,SkrPduLIu fHX PICBusJW
18,WUPda,QfodQUse
19,nRzLvwV,RYgLtcKrzt
20,QSYQBcR,GffVgfvvjD
21,wsLZQf,KXMnUMvYdQdhHItzBQkQBfRaw
22,vnwzv,MMCReYFEuyaMsQJcMgHKzyDFVuy
23,iXguxbXZ,NfteqinyQnFI
24,rgRSfmdC,CV vAKqNqLvAfbPykzLFJbDSFvgYBYyP
25,ALjcBA,xkkTbKGJINzzrMzAqwyDzcRtQkn
26,hqMaAP,QJtpMgIfNdNnYICYMqjTBtRGXT
27,ZIKmnFxr,ObMJlS CVz
28,nVlbu,XElhD
29,NWgqKMe,ZAGnChUYNR
30,lkaGeMVJ,LopRUamYeJOJcooUzmFpWLMTvhj
31,xyszdjza,oRfxSHAhNKxCfXVVit
32,qgTkYZlb,tYlFORWVZidjaicGSympTamN
33,tNUsEs,vBhZLHNoWEqdGXON
34,cJZELLiT,sXeUxSnooN
35,YHiszy,HmrSXxo
36,tTTQhFb,RqrJZT
37,efUmo,pPgbEiGngN
38,fgFeiq,lUTUfEOIfYQuNrN
39,UkbQW,esFcHnF
40,uTIkolW,TetSvliNVkrXhgNRuVFGfyAlyfXTU
