1,PgOzDH,46
2,jyjfm,49
3,obwdwE,25
4,AoQMpv,16
5,LhpdTT,38
6,FghYfv,12
7,OiPLZw,45
8,vShqz,31
9,CNoliCkR,40
10,IUElwx,29
11,VNURJUt,4
12,xMCUJU,41
13,lvpFoyCe,13
14,lNqqx,22
15,XpfWLgA,15
16,nhlrH,37
17,ETRImcpg,48
18,vIEzKZeW,14
19,BkhPV,11
20,vEypC,42
21,OFvok,44
22,nJRzo,26
23,VkmIe,7
24,SROaZz,43
25,QuumMAD,5
26,zFIFG,24
27,GnTIb,6
28,ryuzwle,9
29,eGLeHNu,30
30,eBWfC,28
31,cVVxWvPS,36
32,ERFgv,32
33,MYQOe,34
34,mKIEWXhJ,50
35,dxXSy,27
36,jFcFIS,19
37,IbJZJ,47
38,XdMBA,23
39,lJvUVCXh,10
40,dWHNQ,33
41,hMrKpf,1
42,EegMIjE,35
43,gZxCUl,8
44,YoLmGvKt,2
45,lTsIS,21
46,MTcEYE,3
47,XiimR,18
48,tJmhBjNg,20
49,VoYuFC,39
50,SqjVH,17
51,euWdhIS,49
52,bJlKnuu,39
53,EwSjp,23
54,MxuGBH,4
55,rgoquI,21
56,UGYAfSfZ,48
57,bgnlBCP,1
58,cIKpxLhl,8
59,EpncaXSr,47
60,qEiSG,33
61,wcNdzTj,3
62,rhGVLqfm,42
63,KqoQoyTw,35
64,mwPOT,36
65,JNiyp,31
66,SKFdt,40
67,lmTLfoos,46
68,yvxZC,50
69,tqVcC,30
70,kCDbc,5
71,UbhNNJQ,37
72,eLrHq,14
73,SOfNv,22
74,LiGjhG,32
75,ACekXeOa,10
76,lsnYYDp,45
77,xYStYFX,27
78,miNDTOMy,7
79,QZpLGvDI,17
80,tdoPdHGl,16
81,FTRLGosh,19
82,rTKaYl,13
83,tABlxZM,28
84,aKNHt,18
85,QUDts,34
86,KBrrbCS,41
87,CwKnQx,15
88,RgJcc,2
89,FCnECZ,6
90,SPuSILov,44
91,FDhFxS,20
92,fCiNZp,38
93,DbeDR,12
94,lCuSd,26
95,UIjUJfu,43
96,SZHGlv,9
97,ceYIVoR,11
98,moWPv,29
99,DAhbDAwS,25
100,wRMbUlgd,24
101,vTxjpt,18
102,XZsQImK,45
103,IhTzJ,31
104,bDtkNld,46
105,cZLRd,9
106,eyvAaJe,23
107,gIrQU,38
108,oEufAhF,10
109,XtXat,3
110,nnmveuMM,47
111,ynZER,30
112,GEvyS,34
113,QzdsDzpN,27
114,DPaff,43
115,RyeKZO,13
116,OvwksKLo,2
117,tsONXh,29
118,RBzdeL,37
119,bGNonzY,41
120,aAAWkhq,8
121,KcYRMYab,50
122,APOXtyd,15
123,LgQYAK,49
124,oQBVT,24
125,bFJuX,7
126,VaFnc,42
127,WTwZJo,4
128,GrRGraEb,20
129,jGQWI,25
130,qyxymAq,1
131,GkZARU,35
132,zpRsP,11
133,igVfZpaP,28
134,DrtEiFIg,32
135,CSGGlP,22
136,oAEQeLE,14
137,GMWfpYtD,12
138,GKrtncCc,16
139,jwOaQi,39
140,PmZHMa,5
141,UxAMnCMK,36
142,bUCONlte,17
143,jzKTa,6
144,dtIIsDy,33
145,KzBFDoK,21
146,lDFwLp,44
147,nnbSbsem,40
148,HAUHVDxs,48
149,iCJoiLM,19
150,oIIcyx,26
151,lAPlNV,47
152,CdYnNI,25
153,FqaJg,45
154,BcKZj,43
155,nOqjgK,35
156,DGIGSKc,23
157,rJgqZHb,39
158,HvHKSB,30
159,bGOYWY,31
160,MCDHyjkG,18
161,eFiGCPW,48
162,XAOjKA,5
163,prfaX,33
164,SsKxK,37
165,Aoxkd,3
166,ljDuJk,12
167,FNqQLqy,27
168,IfXNt,38
169,UWqxyVC,2
170,zYSpIm,17
171,ABfsZA,36
172,WCCEA,50
173,CLWptha,28
174,tJKeP,46
175,exPtGFp,44
176,XMYvS,8
177,tfZkIKF,9
178,Rkyog,22
179,OyHWFMJ,26
180,YoOVfLL,34
181,fyYeh,19
182,eldZYM,1
183,AzVqcN,20
184,MChOFQ,16
185,EEvIaX,14
186,uFLiAIAK,13
187,AuuWL,41
188,BpaWGT,32
189,cAtimLrn,40
190,fFdalAb,7
191,eIsBFY,29
192,rshBrG,4
193,nvJHR,15
194,zlaRfXtY,42
195,xDqsO,49
196,zHqXdES,24
197,GbyiXf,10
198,XbfIGLHm,11
199,xsNTV,6
200,suPXgffa,21
201,KygLWj,43
202,eomOFcQ,21
203,yuxLora,7
204,OJbeCk,42
205,ZErZTE,3
206,AHXhrIg,1
207,ZqQzsM,48
208,pIktfF,5
209,uaoxwjiG,20
210,aVpspdmk,29
211,hJBJkAx,34
212,UIpIy,23
213,DIGdx,46
214,IxWErtIB,31
215,oxfGPaXU,39
216,lUUSWXx,30
217,dLEHSvvV,12
218,YnWWm,28
219,VbutrYU,6
220,RRBbqm,15
221,rauiKzF,41
222,rhnoVbtL,8
223,Yjsefxo,37
224,WYvtxBB,45
225,iFhxmW,36
226,rAcrMTwd,35
227,yMHIei,11
228,irquq,40
229,kQrLoRsB,26
230,PEuNSLd,27
231,AkvpBFV,22
232,ItZpiLBb,17
233,lFPnboq,13
234,kGEZb,24
235,JhQvzeI,18
236,chfRaf,2
237,tIbtsdXV,49
238,LzZEN,50
239,wduMqbSz,14
240,DMDQIXdx,33
241,fHnlojx,47
242,BfaKk,10
243,Craxfrnd,16
244,auqzclYP,9
245,sIqLIRe,32
246,UqsQx,19
247,tmAGb,44
248,CXOYHjd,38
249,TOdhU,25
250,CfzZr,4
251,VxPKX,3
252,iMiwXRx,2
253,MudZoNfe,21
254,cAgML,36
255,nKQsO,46
256,LBtWur,29
257,hhlKkEw,1
258,fFILG,26
259,KOctvbEA,11
260,dNIIetd,40
261,UuMDT,7
262,PFxqdSAx,6
263,OdaqzJpR,47
264,YYPNi,37
265,usaEPbm,44
266,fkKKNg,49
267,vwLWPhRG,4
268,XPbkkB,30
269,XKtQWEr,20
270,vZawC,5
271,WOygGb,8
272,UfgeXR,12
273,sFWBhLD,34
274,sANkWku,31
275,BedOzd,9
276,xPWywcXD,35
277,BpjPrv,39
278,nLZdG,45
279,rQczeHc,48
280,UyGuoK,42
281,SsMWH,22
282,yTjiECy,28
283,EbFgRyxi,43
284,qrMyFmV,38
285,dTjFAqL,16
286,JAaNadJs,23
287,ESyIg,32
288,IekrLDV,10
289,tTzlnsfE,27
290,IPsfv,15
291,Tbomc,17
292,nhzwcc,14
293,mxyEff,50
294,YCoPzP,33
295,PnwTTTAL,13
296,JKNfnqjU,24
297,nzfcjfB,18
298,iNzDf,19
299,HDRiP,41
300,gtMnYNsQ,25
301,wYTTlDr,9
302,ccZScmk,41
303,uECvH,26
304,bVOGdMc,38
305,NFzrEsZu,22
306,sDYPvrp,36
307,ETUON,14
308,TPlet,50
309,kzDPpDbZ,27
310,PJlZTwA,2
311,fjkOO,3
312,FDEUxcsJ,47
313,ubFnItl,43
314,UCCGytfv,8
315,gjsNOjoL,25
316,oDfvoYYC,23
317,WMtjUUgr,1
318,SqNwoKzq,15
319,TwuEg,6
320,JDsrfS,20
321,AHPuIV,42
322,pUVoW,17
323,HRgHzQ,4
324,KNGIJC,49
325,lXTwvi,37
326,JJeLeIZf,31
327,GvOWjfma,28
328,posOE,5
329,OZrugUw,48
330,VEoBgQD,18
331,gzrtIn,21
332,yciDWy,12
333,rtssXG,35
334,DhMxO,33
335,YLYgMIa,19
336,aIsDw,44
337,DKFTC,40
338,amOLf,30
339,JZhvwr,29
340,QVKBKQ,10
341,AMLeWu,34
342,NPtmxPo,24
343,ChJRLal,13
344,WMGfVu,45
345,WRYsz,16
346,VRNQRWJ,11
347,QPpoARRy,46
348,JBkaQMXw,39
349,WwKngzJb,32
350,uyxfopcG,7
351,fpMlyV,37
352,VvlEzMaJ,13
353,DrANNNwA,34
354,WbrhIYRC,26
355,AKBzjUza,2
356,MxAbXry,33
357,ujIFIb,3
358,Swlps,42
359,RFqINuR,36
360,GyOaIXyj,44
361,lxtRBkA,17
362,BmHxkKB,50
363,rsMPAv,30
364,zYDLm,41
365,ftsfiv,20
366,oseIv,45
367,KNLsBaaA,43
368,ITbVIZ,46
369,lbWnKXWh,1
370,UTIvKW,25
371,gCqUjQ,27
372,YJsiWuu,47
373,IodAGDA,18
374,xrNFegp,12
375,PsnFbGpf,22
376,efYBLA,10
377,HDHebQK,49
378,tPMrMRqk,31
379,PnaRjyK,11
380,QmDpFWL,38
381,ZQNdokOc,21
382,mZDbtIEx,39
383,oPdXFbRK,14
384,bfDaBqeW,24
385,GJkew,40
386,atXvXD,15
387,SovXbJUU,28
388,umQwwBM,35
389,xkBojkE,48
390,VNWOowlC,4
391,sKSnd,6
392,ynZJi,16
393,UvLIm,19
394,mQNtyh,7
395,yRFCQvO,29
396,IKENKo,23
397,PCNnx,32
398,MfkwB,5
399,lXPmq,8
400,cflxjdSp,9
401,OATKn,6
402,meHIrrQX,33
403,aGFmGBY,7
404,SqkrySsW,47
405,bdcatVnv,21
406,BSknSdB,2
407,OEMFBM,24
408,SucYspt,14
409,GbpMk,20
410,jJWioG,28
411,jnynAJ,31
412,uRXLJWTf,41
413,qGBcAwQ,23
414,uNRAAKs,50
415,auRwkLN,26
416,IGluNG,32
417,IHNxXGNB,45
418,HVCQiuX,1
419,GhrHt,30
420,xELXP,12
421,KgPIdSIX,16
422,cWdYMfn,36
423,HAYHneD,4
424,UIuvj,46
425,DmUzg,34
426,wnXWUAzV,39
427,sEAMCewe,15
428,RLlMxgc,49
429,POgHrP,8
430,jOccGfr,18
431,hgvohjoY,35
432,CuwtI,17
433,FETQH,25
434,fTsdQl,19
435,TeFfx,42
436,hQMNUDu,37
437,kGfNeZ,13
438,ILClr,3
439,bhDwMMl,22
440,BiPEzF,11
441,HAGXx,9
442,DIDHKHaB,43
443,boezH,5
444,SCcES,48
445,HUmFSdQQ,10
446,FDyVEw,29
447,UaHgFOPy,27
448,grqxkzE,40
449,yMeIphgo,44
450,KCUKaKuK,38
451,rzRNvdnJ,37
452,XDSpRi,50
453,WKfIj,35
454,qVgzF,47
455,DCbbfq,6
456,bBcsDb,34
457,LfBYSjLG,36
458,RPzYD,5
459,jHBjkB,2
460,pbEWEj,3
461,BmwCgYcG,40
462,DeUpEcE,42
463,MibRry,1
464,SSbLP,4
465,bMJYi,20
466,KBKfru,18
467,QiUINT,45
468,YhFHVwsG,39
469,hVyjC,14
470,aPmST,33
471,haLuttQ,46
472,glKWYl,49
473,xEWtg,31
474,eDwvRjPg,38
475,hCClLd,24
476,FSeHL,48
477,ydiHeQ,26
478,wHZCgtk,44
479,cAGMQ,10
480,Jtbul,11
481,QrIXneLc,43
482,QSlfx,15
483,qiBEOE,23
484,VlwRXoBy,30
485,zYOmR,21
486,fvlLkPy,17
487,DBDMQ,28
488,MZmUtAnl,22
489,CrDTd,12
490,UsMMb,32
491,lZIkUTfp,19
492,UrrCAP,7
493,xfROXyE,27
494,vfvPVJV,16
495,Bxnggy,8
496,HEUPInI,9
497,kIGWQmB,25
498,LmrXHs,13
499,ShOJIG,29
500,aRBWA,41
501,feuyjMnF,17
502,Kjdjqo,7
503,BKDfRDU,45
504,IBQzft,30
505,ZEWDELRG,44
506,bOoFDao,48
507,gMWkYj,40
508,GrWLMfbW,46
509,iZCiHru,10
510,ozfhi,29
511,yrtWjOH,8
512,gZLRI,1
513,WUhDZ,41
514,ehneGN,5
515,KtloRVKV,15
516,pkdCm,50
517,osDik,38
518,snEBCA,24
519,ftuDb,26
520,oQXyvpu,28
521,gbQXe,3
522,dYKFKh,2
523,fckxvma,21
524,emMybO,34
525,MpSKf,12
526,dWlZXVDT,6
527,cxxlM,16
528,ncBaMTO,27
529,uZvhYmcL,11
530,gbOVNwNp,37
531,YUMCw,47
532,nVknFg,22
533,zLgeV,19
534,Lufrac,13
535,bjVwKY,23
536,wWeohi,39
537,FHfyV,49
538,YqjEyck,33
539,jBzdKHyW,32
540,gXxiX,43
541,kJyro,4
542,MEYJa,35
543,AAKosB,36
544,FfdJBn,31
545,tKqkPpFk,9
546,yYozlbY,14
547,GqPlEac,20
548,MuEvo,18
549,qsTnJMl,42
550,oHClhl,25
551,ZLtaxD,8
552,wzpLgcxA,46
553,pxRAe,11
554,TVRooBaz,30
555,HGYodQER,49
556,CVLdCLm,35
557,AhZxyEG,17
558,zbHSV,42
559,lqMNbxQ,12
560,ekkMSbQz,45
561,GrxoTU,5
562,qzYnTzw,22
563,TPNho,24
564,gSvJIbC,28
565,jOMpuF,39
566,TwBkUUes,6
567,NNwJbLGx,18
568,BCOAp,3
569,XHejhba,19
570,vSGfrzW,14
571,CUyxGdG,44
572,GjUeiu,33
573,gvLJG,31
574,oIJfnnjg,40
575,cRWCz,36
576,wFypyCry,26
577,oqgIFObH,4
578,abOKGDA,13
579,FsAxMlG,21
580,kSvDSEkE,29
581,ozVMI,25
582,DsotnV,41
583,ZobmFLp,50
584,AhpCSqhw,15
585,FhVQkbo,20
586,ydVnCmB,43
587,CpzHbb,37
588,plpBAprF,1
589,eJRGswV,47
590,DnngbUm,10
591,IhKUGB,34
592,dlrlWxb,16
593,tsWRPxDU,7
594,tsuJQZd,27
595,lWFZMXzu,32
596,fNkCTccQ,38
597,bpUBPcQ,23
598,LUPBSOak,2
599,HvFAYn,48
600,mfvyFpq,9
601,DeCQH,44
602,fIpykp,36
603,RlSYUYID,16
604,BhALMmat,29
605,gRIliEFM,38
606,vLbKih,30
607,dBURISW,49
608,LSarP,47
609,IwSKFCe,12
610,huiVwj,48
611,eukOpl,7
612,xbQPrs,5
613,QBoLNOrT,24
614,SZFidJ,2
615,fBqHP,43
616,rJkavfU,26
617,CfJmB,35
618,zGFIh,17
619,lMbozlgz,41
620,yvuSAsO,39
621,OoPYTj,21
622,sXfBIajt,45
623,RGskif,18
624,IOwhJFQ,40
625,qlkvQfw,15
626,eMpHKhC,9
627,xCbvNCVo,31
628,enwMXy,14
629,rhAmpgW,32
630,RLKDVXXj,1
631,xASRleaN,25
632,NBPpVj,50
633,kEdbNZIX,27
634,giCpsWvH,33
635,cjOMJ,4
636,LaONOxtk,8
637,ZqbdRHr,46
638,wxOKwwGk,11
639,JwLaH,6
640,GNdcBafn,13
641,rRYZF,20
642,Ozysks,42
643,huqzz,34
644,QWkvN,22
645,VaDRIR,37
646,ZDset,23
647,WVunOoZI,19
648,DrKrjw,10
649,waOag,3
650,jkxvy,28
651,WzyYJ,5
652,HsOGdF,27
653,tUHwzc,41
654,BkWVBCxN,35
655,qnEVzqCd,21
656,NqWHAi,12
657,BMOoqoDM,28
658,RtYbGnE,43
659,NUUtkds,4
660,HXYpCtCI,49
661,AkEizLh,14
662,rMHTlfx,8
663,CzYEXDe,42
664,BvjpeJp,7
665,rtiyGk,36
666,wnXfftqn,34
667,cjvoAoJ,10
668,LUNyIviL,29
669,sjlgG,3
670,uzehZJ,40
671,iXKTW,39
672,gaUlEvvS,26
673,FKVgAwL,47
674,OhTuc,13
675,PQAUd,11
676,DXgCKjFR,32
677,TAVdQC,45
678,coVRMO,31
679,ASLKV,25
680,hhaGwRU,23
681,YxVJisOu,33
682,TeCivPUI,17
683,jejZvx,18
684,JLPITMOm,30
685,MnliZa,9
686,PkzApO,19
687,tuNMfO,1
688,JdRbr,20
689,RTQQU,37
690,gyplQt,38
691,mMvAqQlc,48
692,fSXYl,15
693,xcWpQmn,50
694,gfbXnlD,22
695,neWgIuxO,44
696,RvPbA,24
697,KedALtA,6
698,AQxsYTL,46
699,ORmElDOp,16
700,rUDodzQG,2
701,QizeW,44
702,icowYw,29
703,zDEIePK,14
704,eqaTdCd,20
705,CpixoVjo,3
706,Tzoni,5
707,yeGlt,13
708,wOlldph,10
709,WylmFEM,28
710,cRzRz,30
711,PrnOX,38
712,mCYXNpVE,4
713,LkbHJgi,47
714,mnxscQ,39
715,aIxgP,27
716,HJHqxL,36
717,vdffXN,22
718,KAYVrfBx,7
719,TuRIw,17
720,TbIdkjwn,31
721,waHayZ,1
722,yNQHDL,16
723,TSMJyUjP,32
724,gqYBBcqE,18
725,sZosV,23
726,tKZiZYjx,24
727,GCyNBBAQ,21
728,OLNMj,40
729,ePAxo,33
730,sZNQI,26
731,kWFkbs,50
732,QYQGB,49
733,DfWNIh,15
734,HXgOXS,25
735,tFKhhVpi,8
736,JccXI,46
737,jNTlD,9
738,EuxaPIL,34
739,sGCVMaG,45
740,MCSoN,41
741,SonCv,35
742,syfHHupB,48
743,sBVLNEoe,11
744,NLxaYnTo,12
745,FGyyNddQ,43
746,Shijlc,37
747,isfzg,19
748,DstCBhm,2
749,OqQFl,6
750,BnbNyKGp,42
751,YcEilD,28
752,VugCvw,16
753,cIxOMlD,3
754,vKaYE,8
755,AKXNR,39
756,BOUlzrLk,23
757,UVeaWC,35
758,ETkutSWu,6
759,CcFqieD,2
760,WKnixH,11
761,SSxhJ,7
762,GXquo,38
763,NPMDZAnU,14
764,hQprqCk,15
765,MjLAe,27
766,DHacjn,4
767,wyrdMlq,32
768,mLfmeGI,31
769,WLYXnS,21
770,KIMAsYp,48
771,HNEsZqPx,17
772,nMWvikW,41
773,uoRmW,44
774,AzZZtGZ,18
775,PRVgpZq,1
776,cpKdrEui,9
777,kjpau,10
778,xSJTMyc,19
779,qPMmNd,25
780,IUnWI,37
781,AaVTGM,20
782,OKoFKm,33
783,HGxfdNG,47
784,kyeZbz,5
785,BSrfoQ,30
786,moVDE,50
787,paAIPk,46
788,DSYuj,36
789,IXEjAi,12
790,haevG,43
791,EqajDGrb,42
792,nPkWty,29
793,PKjBB,34
794,pnuZOTwW,26
795,vWpvVDYF,22
796,LEAzgQLT,24
797,SNcvi,45
798,QWhFZb,13
799,hzLGgq,49
800,ufGkwKd,40
801,CNENl,15
802,DyRNrOq,19
803,QMAeQe,3
804,zDUnDLGt,21
805,hzAbsD,43
806,cRefYRte,2
807,qzzWXwv,31
808,cLTJtZ,25
809,QMkIf,8
810,iAIiogWy,20
811,DQYHTl,9
812,KlNAvw,28
813,tqezs,44
814,rCIoLxqj,12
815,QKJfEE,30
816,AvZGQuYB,1
817,EgRJX,4
818,WfPvZGee,32
819,PoXfYPW,46
820,AolPCYO,18
821,rlsSZeX,24
822,RaXhN,13
823,CdbroJjp,37
824,eppJF,38
825,DmrUWKN,7
826,qLEEeFy,16
827,ezNUoZs,11
828,laDvk,49
829,PSnNgou,40
830,iWgnpHe,5
831,Cgnmacm,33
832,atfiP,29
833,ETeWWc,39
834,EtJPBw,26
835,PHjmJ,27
836,pCyQuCc,47
837,kJXwiB,45
838,ftmvpBNF,10
839,yzAbfphL,22
840,WcdyAGK,50
841,gWdEQjyw,6
842,TwXhQ,14
843,beeJz,34
844,wAijS,17
845,OqdTbIk,41
846,NRnlLfv,48
847,hzDSKeqT,35
848,UPjaHRY,42
849,ClCQkqYZ,36
850,TFsIJ,23
851,boycgzT,28
852,hcmWo,10
853,Dqpsht,24
854,qPyujsoa,19
855,raDqCmD,7
856,rTXXOv,38
857,pVUKMN,4
858,tqXKFcVu,6
859,gVzZflRm,3
860,DkQsq,42
861,KFfzaNtm,13
862,LULiO,30
863,RxMoadV,15
864,comMI,17
865,BvjDPI,37
866,ytLzv,41
867,eNflaOEN,20
868,BtrUwXT,39
869,yNyIlvtt,23
870,TyiwHOYx,33
871,imSXZE,22
872,dIdljupk,2
873,BjAJe,31
874,CRvdi,25
875,wghTY,8
876,CrQTt,35
877,dUJqiOIw,43
878,fmqzaZGl,27
879,BqXamf,36
880,fuYuuP,26
881,NXJXCXhb,5
882,tfGvXk,34
883,uapoTidH,40
884,ZImAk,1
885,IPEhjfIp,47
886,Ixlxnj,16
887,cMRbPNF,50
888,bLYKGz,45
889,TWqfdHEl,9
890,YYTQFgE,44
891,ekPjP,49
892,nrsmli,46
893,vmMBSxax,14
894,PqFJyLjL,32
895,ImgTH,48
896,nTmhi,21
897,WcGVlyx,11
898,TaerHmOX,29
899,yBRPeNmg,18
900,NPkklEcB,12
901,rBznDv,12
902,vyjaZzSl,10
903,YjhBOf,28
904,RTXYFav,1
905,BGWay,32
906,qXHUYWZ,42
907,RwnDKXUY,3
908,KMKdesw,15
909,RSsKC,2
910,KLPGEwK,35
911,YFUzBWIZ,24
912,OBOQPGCD,43
913,ilEmqL,33
914,STrrnn,13
915,rCDzy,34
916,yrBFfW,36
917,fTnwW,48
918,zgqzb,19
919,aMXHrGP,4
920,OfGwBfK,50
921,fSObtZ,8
922,fxlZNhW,46
923,nDZYI,14
924,kNIRwIBO,41
925,Hqjkgic,11
926,Myqlyz,31
927,QgcAI,44
928,JnQwh,45
929,jvKVTdi,26
930,kPbVEmuA,7
931,WuJYX,5
932,voSmWyXC,38
933,XMyNBlyr,27
934,fIAbuG,17
935,tuMbOTg,49
936,Nuuyrs,22
937,ZFxsE,39
938,vYrdgSH,6
939,rQvdI,29
940,MpaGn,30
941,ymCIVEY,18
942,kHHblxV,37
943,uqyBCdKB,20
944,UjvCZvt,16
945,bMovYJ,23
946,bkSGhUB,40
947,ZmAIqCe,9
948,sTzdaKu,25
949,HuUjA,47
950,GXeJE,21
951,CveYTCpP,24
952,OYVkSw,37
953,lpFarM,7
954,DbojW,38
955,ziNLrLBU,50
956,ERuvVarz,19
957,FFJrnP,39
958,KCfIa,3
959,MJXUqcyE,43
960,HmhEjSH,48
961,fPVsWowN,29
962,gbbdA,8
963,KoyRzpn,23
964,wFtfvB,33
965,XAIvVNLV,9
966,pNvttY,41
967,ibIXMpSS,26
968,keUfv,27
969,wBFbi,30
970,HGcRCyTc,11
971,Itefy,18
972,FpsHbHdH,49
973,GXRkkU,14
974,BziRZv,6
975,WozCCGS,21
976,UfTxr,25
977,mYQIY,10
978,TokBt,40
979,YQHio,28
980,oNaigJmY,44
981,ihVresyc,31
982,PDwrjDdG,35
983,AuzyPyLj,2
984,CcCmsDRW,36
985,rNXXcB,12
986,WkXhNvJe,16
987,SRvtY,22
988,qvvxbGW,42
989,AkBMy,34
990,iDtPMdRe,20
991,MVSisv,5
992,MHAsp,15
993,uaJuwPNy,13
994,GDfoo,47
995,Hcuxa,17
996,PUKfbIw,46
997,njSWTPty,32
998,SdczPWrc,1
999,TmcLGe,4
1000,jXNfPG,45
